id,domain,status,purchase_price,renewal_price,attractiveness,demand,length,registrar,created_at,expires_at,status_verified_at
612f8cae-429a-41ec-b0dc-85cecf517a6e,trainer.exposed,available,22.49,22.49,high,low,7,namesilo,,,27/09/2026 13:32
29190471-1912-49ee-81bb-ab5b60dac604,furnace.exposed,available,17.8,17.8,high,low,7,spaceship,,,28/09/2026 19:17
adced3e1-a9eb-4fbc-a8f2-c337a933c853,lazy.exposed,available,22.98,28.98,high,low,4,namecheap,,,17/08/2026 20:54
c470b824-b8b4-4291-a4ee-b56e1bcd1c45,grinning.exposed,available,22.49,22.49,high,low,8,namesilo,,,27/09/2026 23:14
7194aff5-4f9d-4ab6-bbcb-6d9396034bf5,angling.exposed,available,22.98,28.98,high,low,7,namecheap,,,19/09/2026 06:50
8e8de185-4947-4293-8095-c1658845245d,acronym.exposed,available,17.8,17.8,high,low,7,spaceship,,,28/09/2026 18:01
dd4cca33-030a-4f1b-bfdc-5e26229354fa,pitchy.exposed,available,22.49,22.49,medium,low,6,namesilo,,,12/08/2026 13:45
5e87fe2b-2bb9-48f9-9466-81e6ca243b78,blister.exposed,available,22.98,28.98,high,low,7,namecheap,,,24/09/2026 05:20
d6c74f9a-56bf-4c3f-a15d-8a992ca31492,andros.exposed,available,17.8,17.8,high,low,6,spaceship,,,30/09/2026 20:49
050ccac0-b8e3-4f67-9eaf-c1d78992fcbb,brazos.exposed,available,17.8,17.8,medium,low,6,spaceship,,,29/09/2026 18:04
a1fb3642-8307-4861-bfe8-ce092cf9c76b,oldest.exposed,available,22.49,22.49,high,low,6,namesilo,,,
71626dfe-5181-4cbb-9069-cfa4dd15f6c1,mena.exposed,available,22.49,22.49,high,low,4,namesilo,,,29/09/2026 22:04
da019a84-7c48-40e0-b5b5-08d56091f4dc,antigua.exposed,available,22.49,22.49,high,low,7,namesilo,,,19/09/2026 14:32
33d84eda-5442-4729-aba7-c74915256de5,karen.exposed,premium,26,26,high,low,5,namecheap,,,25/09/2026 08:08
f6201b52-f0d5-407e-969d-cd5c429da252,peaking.exposed,available,22.49,22.49,high,low,7,namesilo,,,
55c9a548-d0f5-4521-b996-6938d9ce4e6c,ariana.exposed,available,22.49,22.49,high,low,6,namesilo,,,20/09/2026 05:10
2ed596e2-8a02-4e6a-8a6b-fc2ba96a7c80,carnation.exposed,available,22.98,28.98,high,low,9,namecheap,,,11/08/2026 19:26
f78bea32-6d8c-41c2-be7c-5d847d79cd10,pugin.exposed,available,22.49,22.49,medium,low,5,namesilo,,,21/09/2026 04:06
0f76d629-fdc4-4c14-895e-8451683abf07,orally.exposed,available,22.98,28.98,medium,low,6,namecheap,,,15/09/2026 18:11
dab4b4a5-6b1c-4eb7-b135-b3d0c9474d45,ductile.exposed,available,22.49,22.49,medium,low,7,namesilo,,,14/08/2026 20:50
81463a2b-42db-490e-b0bd-4d9769686c60,tribunal.exposed,available,18.41,18.41,high,low,8,dynadot,,,30/09/2026 01:07
f776d02c-f2a0-468b-ba67-afa9148a1264,isosceles.exposed,available,22.49,22.49,high,low,9,namesilo,,,22/08/2026 11:16
adf5bb31-4eb9-4446-8af4-ceca40e9be1f,cutaneal.exposed,available,25.99,27.99,medium,low,8,name.com,,,13/08/2026 12:57
af887dd7-0e16-4f63-81a1-aee0b2b4a78c,forgiven.exposed,available,22.49,22.49,medium,low,8,namesilo,,,29/09/2026 04:41
76485605-d71e-4f86-8c41-357a57684de7,stannic.exposed,available,22.49,22.49,low,low,7,namesilo,,,10/09/2026 18:41
88630886-bd5d-4d6b-b0df-83bba8803d8d,adhd.exposed,premium,242,242,high,medium,4,namesilo,,,17/09/2026 06:35
d3ea662e-af62-469f-985f-5c1338e3d6bf,neale.exposed,available,17.8,17.8,medium,low,5,spaceship,,,29/09/2026 04:02
86117bb8-c779-43d0-945b-314aa326ecab,mussy.exposed,available,22.98,28.98,medium,low,5,namecheap,,,24/08/2026 21:24
acaecea3-e2af-486a-b0d7-20374959d795,shade.exposed,available,18.02,18.02,high,low,5,porkbun,,,28/09/2026 02:00
1e5a6d0a-5527-47ec-bd07-289b919190b8,arbiter.exposed,available,22.49,22.49,high,low,7,namesilo,,,20/09/2026 00:41
20fdf66a-1db7-4c85-badc-87a647372715,tablets.exposed,available,22.49,22.49,high,low,7,namesilo,,,18/09/2026 15:46
58896f40-3963-4567-a45a-a7c7bf0f0163,anagnost.exposed,available,22.49,22.49,medium,low,8,namesilo,,,19/09/2026 01:26
3774e421-aae0-4f8b-91d6-20a95bef14b9,wardrobe.exposed,available,17.8,17.8,high,low,8,spaceship,,,28/09/2026 06:52
29628302-ce76-4e78-bcaa-51c32b487a89,eminently.exposed,available,22.49,22.49,medium,low,9,namesilo,,,14/09/2026 15:19
69768f59-6c12-4c88-b59e-897247840a8e,glamorous.exposed,available,22.49,22.49,high,low,9,namesilo,,,19/08/2026 00:15
5e6c00dd-4d32-47ee-967c-d73a9ca9d766,abasia.exposed,available,22.49,22.49,medium,low,6,namesilo,,,16/09/2026 14:05
f614194b-ae9a-4777-921b-4575662e73a9,induction.exposed,available,22.98,28.98,high,low,9,namecheap,,,29/09/2026 12:10
12089f63-a9d7-4827-8c14-0a22df07adfc,passport.exposed,available,22.49,22.49,high,low,8,namesilo,,,27/09/2026 04:57
968d23ae-e177-422d-8618-67d4251bb152,plz.exposed,available,22.49,22.49,high,low,3,namesilo,,,
a5ba32ed-d488-4f17-835e-aa1133fc09d0,resinlike.exposed,available,22.49,22.49,medium,low,9,namesilo,,,09/09/2026 15:11
c8935b62-85a3-4641-a808-c8266ece3d17,castled.exposed,available,22.98,28.98,medium,low,7,namecheap,,,11/08/2026 20:28
75042e14-619c-4746-9983-ffc7e2185d50,offside.exposed,available,22.49,22.49,medium,low,7,namesilo,,,04/09/2026 01:39
b0a75aa0-0c51-4379-af6f-59a70ed225ad,jug.exposed,premium,23.6,23.6,high,low,3,namesilo,,,29/09/2026 12:28
6878533f-27d8-4b0b-99a2-fd07a55e7b82,chico.exposed,available,17.2,17.2,high,low,5,cloudflare,,,29/09/2026 18:18
4f282e3a-f7be-44a9-b0ad-bf81fd4b2d40,satisfies.exposed,available,22.49,22.49,high,low,9,namesilo,,,20/09/2026 14:54
37d88d81-f489-4a5a-9ef6-57362a7521a2,oversight.exposed,available,22.49,22.49,high,low,9,namesilo,,,29/09/2026 23:43
196f3d4a-d9ab-4f9d-8019-9c8a07f83408,awe.exposed,premium,26,26,high,low,3,namecheap,,,28/09/2026 23:47
bf1fc134-b564-46c9-8ae9-00c33fd1a4ee,yuen.exposed,available,22.49,22.49,medium,low,4,namesilo,,,30/09/2026 06:59
b74f8bfe-38b2-40c9-8910-c6062edd86f8,unique.exposed,available,22.49,22.49,high,medium,6,namesilo,,,28/09/2026 09:43
762d32ca-dab7-4d43-bc5d-b55bc37bb96f,asset.exposed,available,22.49,22.49,high,low,5,namesilo,,,01/10/2026 02:31
3e67df5f-9e49-4ebf-81b1-1ddcb0044629,gunn.exposed,available,22.49,22.49,medium,low,4,namesilo,,,27/09/2026 01:35
6b6e0e98-c6f1-4804-92bc-dc9c2dc77426,soapy.exposed,available,22.49,22.49,medium,low,5,namesilo,,,11/08/2026 11:48
f28a2b7c-a3a3-4d16-a06d-be66802187c9,hallux.exposed,available,22.49,22.49,medium,low,6,namesilo,,,23/09/2026 14:56
d3071f5b-9fbe-4ad0-a4bf-1536dcb18822,artie.exposed,available,17.2,17.2,medium,low,5,cloudflare,,,30/09/2026 13:26
8dd9b50f-842e-4fec-adf9-d70d232db387,billhook.exposed,available,22.49,22.49,medium,low,8,namesilo,,,23/09/2026 16:21
8d067a92-3b10-45d9-8e40-73b3d63404c2,commissioner.exposed,available,17.8,17.8,high,low,12,spaceship,,,27/09/2026 17:50
9adabde9-1ec5-4cd1-bbfa-bcdc74948470,polygons.exposed,available,17.8,17.8,medium,low,8,spaceship,,,29/09/2026 17:57
299f5efd-b623-4e0f-af1a-f13cd0c13168,flap.exposed,available,22.49,22.49,high,low,4,namesilo,,,24/09/2026 23:15
c3b3163d-94db-4d26-85d7-dcaecf1aecb7,verify.exposed,available,17.2,17.2,high,medium,6,cloudflare,,,30/09/2026 12:41
39cd0ac7-4fe4-4885-8aca-3b6b6c88380d,web.exposed,premium,242,242,high,medium,3,namesilo,,,28/09/2026 08:08
6395787f-ac72-477f-a735-730783f3ee57,firewall.exposed,available,18.41,18.41,high,low,8,dynadot,,,01/10/2026 02:10
c845acf3-82ed-4544-9434-ce6f92b30573,autogiro.exposed,available,22.98,28.98,medium,low,8,namecheap,,,21/09/2026 06:22
a5829fea-124e-4220-ace8-6e5cf4e646b5,stand.exposed,available,22.49,22.49,high,low,5,namesilo,,,29/09/2026 00:58
a510586b-33a1-4402-99fc-0545befae966,mathematician.exposed,available,22.49,22.49,high,low,13,namesilo,,,30/09/2026 03:33
175ba324-0ebc-4ef1-b03d-2d4b19b5970d,maledict.exposed,available,22.49,22.49,medium,low,8,namesilo,,,
b5b0d2b3-6d71-41af-88eb-5d60bac05894,joewood.exposed,available,22.49,22.49,medium,low,7,namesilo,,,22/09/2026 04:36
8d26e8e4-a0c5-440c-98b2-aeded65531be,dipping.exposed,available,22.98,28.98,high,low,7,namecheap,,,30/09/2026 14:42
5d774c24-30a7-4c17-a374-8b956b8285c0,eminent.exposed,available,22.49,22.49,high,low,7,namesilo,,,16/08/2026 15:06
c18682cf-4e3e-4a4a-b9a3-cb402fa01016,bhp.exposed,available,22.49,22.49,high,low,3,namesilo,,,29/09/2026 21:45
8cb2be82-4826-4bed-8ac9-b632db473a27,slurred.exposed,available,22.49,22.49,medium,low,7,namesilo,,,10/09/2026 11:42
a71314b7-ff08-4964-8f7f-6665d168ad06,barium.exposed,available,22.98,28.98,medium,low,6,namecheap,,,20/09/2026 23:19
7908beff-ccef-4cac-9391-3f05df0f3b59,seductive.exposed,available,22.49,22.49,high,low,9,namesilo,,,10/09/2026 01:39
9a9dcee2-2301-42ca-859f-1c33d0c9264d,necessity.exposed,available,22.49,22.49,high,low,9,namesilo,,,24/09/2026 15:20
48ed9ed0-d254-45b3-9270-ef9cd57530ad,pectoral.exposed,available,22.49,22.49,medium,low,8,namesilo,,,08/09/2026 11:58
115c9fdc-46e6-4591-b398-31b43f4063d9,lara.exposed,available,17.2,17.2,high,low,4,cloudflare,,,27/09/2026 19:35
1d06d083-3697-4be9-9367-33b11c9807ce,expound.exposed,available,22.49,22.49,high,low,7,namesilo,,,16/08/2026 00:37
996ca28d-1756-437d-aff2-91b077671446,lightsome.exposed,available,22.49,22.49,medium,low,9,namesilo,,,10/08/2026 14:41
faf0f0b2-019c-4be8-9f37-992487cb91b0,banteng.exposed,available,22.49,22.49,medium,low,7,namesilo,,,22/09/2026 03:14
d1dc4438-66ac-41ea-8637-c9318cbbe7a8,conspicuous.exposed,available,22.49,22.49,medium,low,11,namesilo,,,29/09/2026 03:02
fb5010d7-479f-4809-886a-025cfeaa308b,saint.exposed,premium,23.6,23.6,high,low,5,namesilo,,,25/09/2026 23:06
8a43ac88-d216-428f-be5f-13c962585b36,sewer.exposed,available,17.8,17.8,medium,low,5,spaceship,,,28/09/2026 15:19
f98ba471-5dc8-4014-b4a6-47083317e4b3,skills.exposed,available,22.49,22.49,high,medium,6,namesilo,,,17/09/2026 12:40
253b8a21-de79-49f3-8518-f89a8e717296,offence.exposed,available,22.49,22.49,medium,low,7,namesilo,,,04/09/2026 01:34
229e6ec9-1b33-4c63-91c8-18014a8f17a9,courthouse.exposed,available,17.8,17.8,high,low,10,spaceship,,,28/09/2026 09:28
f78d6949-78c2-4734-84b8-1dce76d26c71,magnate.exposed,available,22.49,22.49,high,low,7,namesilo,,,23/09/2026 14:16
41d27caf-320d-45f1-a627-cfbca6d0ce89,demonstrates.exposed,available,22.49,22.49,medium,low,12,namesilo,,,20/09/2026 23:55
2fa3cb0a-94f7-4e5e-aad8-79b0492ceec5,lesbian.exposed,premium,500,500,high,low,7,name.com,,,23/08/2026 00:15
72f51608-c6af-4eed-b598-2f7437e2cb34,burdensome.exposed,available,22.49,22.49,medium,low,10,namesilo,,,11/08/2026 10:29
4a80b014-b266-4c3c-8c5c-6c37e36ed91c,nurses.exposed,premium,26,26,medium,low,6,namecheap,,,28/09/2026 08:12
3a5d8918-9e1f-4169-b2fb-4fadac541b69,anselm.exposed,available,22.49,22.49,medium,low,6,namesilo,,,19/09/2026 12:02
2250d9ec-1c33-4061-97e5-8050aeb6ed30,enid.exposed,available,17.8,17.8,medium,low,4,spaceship,,,28/09/2026 19:04
ab5872c2-b78d-4d8a-b0e8-d254c996ba8c,kanawha.exposed,available,22.49,22.49,medium,low,7,namesilo,,,29/09/2026 01:29
3addcdf4-64f7-4598-8b4d-70ecc3712870,formative.exposed,available,22.49,22.49,high,low,9,namesilo,,,18/08/2026 12:07
5544c29d-853a-48fe-a6c7-d0596f34b569,inadequate.exposed,available,22.49,22.49,medium,low,10,namesilo,,,22/08/2026 00:12
c4e25703-70b7-4bb2-9db8-c0d62b9c277e,subport.exposed,available,22.49,22.49,medium,low,7,namesilo,,,28/09/2026 16:14
ddb0584b-99c0-4206-9051-888b71f35a8d,deerfield.exposed,available,18.02,18.02,high,low,9,porkbun,,,29/09/2026 10:06
548b9226-da3d-4b92-aa16-4c0d897d7517,banister.exposed,available,22.49,22.49,high,low,8,namesilo,,,22/09/2026 00:28
0d1663c6-d7c4-40ef-af89-887649e8c473,nylon.exposed,available,18.41,18.41,high,low,5,dynadot,,,30/09/2026 10:38
162e0def-65bf-472f-9881-13e76ff4afa2,vitalizing.exposed,available,22.49,22.49,medium,low,10,namesilo,,,23/08/2026 01:35
c15be79f-df14-48f3-b21e-3afc55906f87,heaps.exposed,available,22.49,22.49,high,low,5,namesilo,,,14/09/2026 23:17
497a0dc9-8b31-43a5-a485-f6fe44699c44,remind.exposed,available,25.99,27.99,high,low,6,name.com,,,24/09/2026 20:14
b1e4840d-707c-40e9-a357-e245d4019f71,mello.exposed,available,17.2,17.2,high,low,5,cloudflare,,,30/09/2026 20:02
a53f3d67-4e63-4efa-bbd8-2662d290eab3,stupidly.exposed,available,22.49,22.49,medium,low,8,namesilo,,,14/09/2026 13:43
1c9e36a7-7721-4dc8-bfef-5bd4e26d208d,touristy.exposed,available,22.98,28.98,medium,low,8,namecheap,,,11/09/2026 18:22
2802674c-d7cb-4c0b-a4f9-368641b57f62,hoard.exposed,available,22.49,22.49,medium,low,5,namesilo,,,12/08/2026 16:57
821d513a-0df9-46e5-ba44-2a90f5851455,impellent.exposed,available,22.49,22.49,medium,low,9,namesilo,,,21/08/2026 22:03
4c936b9d-9357-4229-9c04-e08d40bceeb5,lawsuits.exposed,available,17.8,17.8,medium,low,8,spaceship,,,29/09/2026 11:39
e16cc16e-73e4-470d-887f-1e54b8f3ff26,correction.exposed,available,22.98,28.98,high,low,10,namecheap,,,28/09/2026 09:23
accfc82f-3e82-42c2-b64b-bfed219aced3,comfort.exposed,available,22.98,28.98,high,low,7,namecheap,,,24/09/2026 16:25
88ad325e-ce6f-4bac-be69-38e378846b74,coupon.exposed,premium,118.8,118.8,high,low,6,namesilo,,,24/09/2026 18:44
1c03f759-c353-4d0d-bef9-b16e760218e9,positioned.exposed,available,18.02,18.02,medium,low,10,porkbun,,,29/09/2026 23:39
19ae0f14-b69f-4fc0-b312-8722881e2086,coyol.exposed,available,22.98,28.98,medium,low,5,namecheap,,,17/09/2026 03:38
bb268bd7-47b4-4ecf-8096-6fc015edce89,reservoir.exposed,available,22.98,28.98,high,low,9,namecheap,,,20/09/2026 11:41
7d91f4a3-78fd-4407-89b8-21c0cbbbd056,indicates.exposed,available,17.8,17.8,medium,low,9,spaceship,,,28/09/2026 08:19
8af1da7b-3048-41aa-8c3b-a347805735ad,feather.exposed,available,17.8,17.8,high,low,7,spaceship,,,29/09/2026 19:02
aa2c864a-69f4-428b-aedf-37edff661099,pentad.exposed,available,22.49,22.49,medium,low,6,namesilo,,,
9bf419b3-14ae-474b-9a74-c9d2e75124b4,upland.exposed,available,22.98,28.98,medium,low,6,namecheap,,,21/08/2026 09:14
a97f95a6-8716-4676-86f9-20cf3984d450,cited.exposed,available,17.8,17.8,high,low,5,spaceship,,,30/09/2026 19:27
d07d15ab-bd0f-4e28-8d99-6168d58aa00d,bhopal.exposed,available,22.98,28.98,medium,low,6,namecheap,,,30/09/2026 20:45
7ea845f8-9942-41a0-b562-b07fa9b61a6c,worship.exposed,available,25.99,27.99,high,low,7,name.com,,,17/09/2026 09:43
4435c326-985a-49f1-8b6d-7015a74f0c4b,robberies.exposed,available,22.49,22.49,low,low,9,namesilo,,,30/09/2026 07:24
66e54753-d53f-42f1-987b-124e080c41d9,screaming.exposed,available,22.49,22.49,high,low,9,namesilo,,,09/09/2026 23:52
983edcce-1c0a-41ac-b178-862788975534,absolved.exposed,available,22.49,22.49,high,low,8,namesilo,,,
722ff5cb-296a-4616-b504-13a1784a0410,chick.exposed,available,22.49,22.49,high,low,5,namesilo,,,24/09/2026 14:27
3d34e0b3-ed8a-452a-b7fe-208af237df1b,packing.exposed,available,22.49,22.49,high,low,7,namesilo,,,29/09/2026 00:21
76ea7d50-09e1-40df-ad27-e783d803f3d8,postmodern.exposed,available,22.49,22.49,high,low,10,namesilo,,,09/09/2026 00:29
34de3533-9e88-455f-9f1a-c208a2b5a764,while.exposed,available,22.49,22.49,high,low,5,namesilo,,,30/09/2026 14:40
dafd43b9-2d5e-4342-8b16-9e7a8f4ac906,samson.exposed,available,22.49,22.49,high,low,6,namesilo,,,28/09/2026 01:08
fd2dfec5-badd-415e-9182-8ef522b8cf49,announcements.exposed,available,18.02,18.02,medium,low,13,porkbun,,,30/09/2026 06:45
0ec38411-e862-4f2a-a516-c98b46d6cdb8,twenty.exposed,available,22.49,22.49,high,low,6,namesilo,,,21/09/2026 12:24
80a153f8-0bcb-482b-95f2-cf9fa1029197,refundable.exposed,available,22.49,22.49,high,low,10,namesilo,,,
849328a4-b8ae-441f-a9b5-7bb412ed8e11,vega.exposed,available,17.8,17.8,high,medium,4,spaceship,,,29/09/2026 07:30
42d5e0ac-be0b-4a0b-9121-6406a3b44906,blithesome.exposed,available,22.49,22.49,medium,low,10,namesilo,,,10/08/2026 14:39
6d908820-8864-4393-931a-6528d92f2f28,assuredly.exposed,available,22.49,22.49,medium,low,9,namesilo,,,13/09/2026 22:09
76c4d3d9-d11e-4084-81a5-1d0d490a6380,straying.exposed,available,22.49,22.49,medium,low,8,namesilo,,,10/09/2026 22:14
3af00040-1b32-40ae-8858-afb090233153,boondocks.exposed,available,22.49,22.49,medium,low,9,namesilo,,,21/09/2026 14:32
cb43f805-887b-43ee-8d14-2d90778395b0,significant.exposed,available,37.99,37.99,high,low,11,godaddy,,,01/10/2026 01:29
a601d6c9-5cef-45aa-9368-0fc4cdbd8f09,scrambled.exposed,available,22.49,22.49,high,low,9,namesilo,,,09/09/2026 23:46
d14a3255-d640-498a-ae2c-013b52a126af,telugu.exposed,available,17.2,17.2,medium,low,6,cloudflare,,,29/09/2026 20:30
414bb49d-199e-46e1-8f38-9bc6f73de29e,asia.exposed,premium,520,520,high,low,4,namecheap,,,28/09/2026 22:29
e13e3219-abd7-4bd7-ba0f-d721e07f7e85,vocally.exposed,available,22.49,22.49,medium,low,7,namesilo,,,16/09/2026 11:07
40872ead-9a6e-410e-bd37-d9f9ed618498,pba.exposed,available,17.2,17.2,high,low,3,cloudflare,,,29/09/2026 14:26
1054d3fe-5d37-4d29-945d-ffb7ac10c8cb,seaborne.exposed,available,22.49,22.49,medium,low,8,namesilo,,,10/09/2026 00:34
9549552a-1394-4cf9-b566-480b6c328608,aplysia.exposed,available,22.98,28.98,medium,low,7,namecheap,,,19/09/2026 17:53
55b568bc-1215-4c76-9343-ca1183440435,babysitter.exposed,available,22.49,22.49,high,low,10,namesilo,,,21/09/2026 13:10
d336dd57-587a-4634-b79f-aebbff308447,courtship.exposed,available,17.8,17.8,high,low,9,spaceship,,,29/09/2026 18:31
faff5177-e47b-42b1-a5b2-5a447d607b9a,despised.exposed,available,22.49,22.49,medium,low,8,namesilo,,,14/08/2026 04:10
3b6258fc-ead6-43ad-8c61-484dd0a1a229,nonhuman.exposed,available,22.98,28.98,medium,low,8,namecheap,,,03/09/2026 19:22
da6938b4-bca8-4d19-b2a2-f5b6811bc9dd,pending.exposed,available,22.49,22.49,high,low,7,namesilo,,,27/09/2026 03:20
ae909b41-58b7-4e9f-b673-93c243ad06ec,scrunch.exposed,available,22.49,22.49,medium,low,7,namesilo,,,13/08/2026 07:18
96bff5a6-1b09-4a52-a8e9-2ca92ecc6917,alienor.exposed,available,22.49,22.49,medium,low,7,namesilo,,,18/09/2026 07:41
1ec9cd6b-6db6-4ee7-948a-2f7dd2b4857f,sedgy.exposed,available,22.49,22.49,medium,low,5,namesilo,,,10/09/2026 01:38
c9d119bf-5241-42a0-a2a1-762296944c77,moldovan.exposed,premium,23.6,23.6,high,low,8,namesilo,,,25/08/2026 03:50
699bf907-de86-4012-b416-9aa5610073a5,meddling.exposed,available,22.49,22.49,medium,low,8,namesilo,,,11/08/2026 11:24
2bdfaaef-404d-4c79-ac36-6f78cde64b1c,assignment.exposed,available,22.49,22.49,high,low,10,namesilo,,,19/09/2026 21:59
86fb2968-e0c8-4e3c-ab13-3fa2eccab2f0,uncommitted.exposed,available,22.49,22.49,medium,low,11,namesilo,,,
1b8a6157-9546-4f7b-9420-8254b554f02d,laterally.exposed,available,22.49,22.49,medium,low,9,namesilo,,,15/09/2026 10:56
f6a671d4-8e13-4b0a-9d79-cafe411bf17c,slideshow.exposed,available,22.49,22.49,high,low,10,namesilo,,,
32c95033-77e0-415e-8e62-21e37cb76e28,samurai.exposed,available,17.8,17.8,high,low,7,spaceship,,,29/09/2026 20:16
d92a7f5c-9310-4dcd-8de4-8292ec0896e9,hebei.exposed,available,22.49,22.49,high,low,5,namesilo,,,30/09/2026 01:51
3d37ce97-b8dd-4570-b031-a70e0b9e47d9,fungicide.exposed,available,22.98,28.98,medium,low,9,namecheap,,,
bb66113f-d6f4-421a-918b-a0fd224698a1,bloodless.exposed,available,22.49,22.49,medium,low,9,namesilo,,,07/08/2026 02:19
2eff89d2-a230-4293-b4a3-c0c8d4cb4cd9,macpherson.exposed,available,22.49,22.49,medium,low,10,namesilo,,,28/09/2026 22:18
5c17d0f4-8133-4454-94ef-885bb7428fc3,groom.exposed,available,17.8,17.8,high,low,5,spaceship,,,27/09/2026 12:02
db9b5253-13f2-45ae-bd50-44d28ea4f75e,brown.exposed,premium,23.6,23.6,high,low,5,namesilo,,,23/09/2026 10:03
fe5e10ec-5555-4b9b-9edc-6a7993079b1e,bathe.exposed,available,22.49,22.49,high,low,5,namesilo,,,29/09/2026 01:32
9971d2aa-30ce-4fab-9c30-0cd8bbdc87b4,antacid.exposed,available,22.49,22.49,high,low,7,namesilo,,,22/09/2026 05:43
18bab1d7-0649-4cd3-ba72-46f4c44f08be,camail.exposed,available,22.98,28.98,medium,low,6,namecheap,,,21/09/2026 09:01
a459cf91-afda-4cba-8d97-c35fa867d655,faster.exposed,available,22.98,28.98,high,low,6,namecheap,,,14/09/2026 17:46
e801f01a-80d7-4575-b3f5-ad1b2296abdc,binturong.exposed,available,22.49,22.49,medium,low,9,namesilo,,,20/09/2026 02:47
2a2e3e6e-4f4a-4ab5-a080-581a539fa6a3,informed.exposed,available,22.49,22.49,high,low,8,namesilo,,,25/09/2026 09:34
727c0f3d-a3f1-4bb9-9b26-c9f6cd27f81e,seizure.exposed,available,17.2,17.2,medium,low,7,cloudflare,,,29/09/2026 00:20
f0b031b0-0b47-4b65-9fb8-6079463a5cc0,baiting.exposed,available,22.98,28.98,medium,low,7,namecheap,,,21/09/2026 19:58
4136cc81-936f-4dad-8dc6-1eeaaa848b0e,dusty.exposed,available,22.49,22.49,medium,low,5,namesilo,,,14/08/2026 21:35
1c794d86-06bb-4638-93f5-77fb23c44a3b,biryani.exposed,available,22.49,22.49,high,low,7,namesilo,,,23/09/2026 20:44
c2ee855d-5e43-4443-af60-2a9af8ac2b4f,veer.exposed,available,17.8,17.8,high,low,4,spaceship,,,27/09/2026 21:02
61a2f464-cca5-448f-997c-4e7b3070fb74,deco.exposed,available,25.99,27.99,high,low,4,name.com,,,20/09/2026 09:50
50e70004-5bdc-47a0-bfb8-7e56d37a6546,taoism.exposed,available,22.49,22.49,medium,low,6,namesilo,,,30/09/2026 16:55
043c1859-3ed1-41fa-8e9a-568b7599009a,acclivity.exposed,available,22.49,22.49,medium,low,9,namesilo,,,16/09/2026 22:40
c9db46e8-75d7-4bf8-9b1a-e2a24e7fd66a,plugs.exposed,available,22.98,28.98,medium,low,5,namecheap,,,20/09/2026 11:28
c585bab7-5fc4-4338-9206-2ef2e9d26369,healthful.exposed,available,22.49,22.49,high,low,9,namesilo,,,21/08/2026 02:02
48017ab5-0015-4c46-bf04-9d8a0cc788de,sync.exposed,available,17.8,17.8,high,medium,4,spaceship,,,29/09/2026 20:47
416af3c7-d01f-484a-8f43-3df28debf5f6,auspicate.exposed,available,22.49,22.49,medium,low,9,namesilo,,,21/09/2026 03:29
a9f9a64c-ada8-42b0-9df1-358ea23e7521,wings.exposed,available,22.49,22.49,high,low,5,namesilo,,,25/09/2026 11:03
1ee14c35-2408-4041-8d5a-06be0b4a5103,pleasure.exposed,available,17.8,17.8,high,low,8,spaceship,,,30/09/2026 07:02
059a8e5d-afc6-4aeb-8182-d5ffc4be59b9,undeclared.exposed,available,22.49,22.49,medium,low,10,namesilo,,,12/09/2026 07:06
f3045301-a027-4537-9d33-aa269af4ba43,trumpcare.exposed,available,22.49,22.49,medium,low,10,namesilo,,,
3b414bf5-e17b-4d15-a3ff-588fe6483610,vincennes.exposed,available,17.8,17.8,medium,low,9,spaceship,,,28/09/2026 22:26
6cd4c36f-576e-49a9-8265-f75cb0cf2db2,attired.exposed,available,22.49,22.49,medium,low,7,namesilo,,,06/08/2026 04:47
65acc2cd-aa2d-4a17-ae41-c1aa9444a070,calder.exposed,available,22.49,22.49,high,low,6,namesilo,,,18/09/2026 05:48
57ff2043-ec2e-4a55-9828-297acc368a32,telephone.exposed,available,22.49,22.49,high,low,9,namesilo,,,26/09/2026 00:02
2d5469af-fd00-4d92-b9ef-393af1315b23,too.exposed,premium,118.8,118.8,high,low,3,namesilo,,,28/09/2026 12:00
0259873c-2914-481f-8883-d6f7c6e4970e,zhou.exposed,available,22.49,22.49,high,low,4,namesilo,,,25/09/2026 22:14
e8a78190-795e-4036-baee-ce800ec43077,profit.exposed,premium,118.8,118.8,high,low,6,namesilo,,,23/09/2026 07:56
123d9617-31b8-4123-a491-c31850216e49,aground.exposed,available,22.49,22.49,medium,low,7,namesilo,,,
692c5fec-a08f-42a7-bf04-0060461c5a54,keene.exposed,available,18.41,18.41,high,low,5,dynadot,,,28/09/2026 03:36
7c8c8bb3-0afa-4933-9064-e4bf82a3ba68,acropolis.exposed,available,22.49,22.49,high,low,9,namesilo,,,17/09/2026 03:57
a9b1e35d-65c0-40d4-a6a1-963a4312bfae,fracture.exposed,available,37.99,37.99,high,low,8,godaddy,,,28/09/2026 01:53
dbaf5779-c77b-4949-b324-f48f71aee89e,wikimedia.exposed,available,,,high,high,9,,,,
0e31ce2a-fc71-4674-93e3-2c954290f39d,coldly.exposed,available,17.8,17.8,low,low,6,spaceship,,,28/09/2026 14:07
64d7d5de-bdf8-4fd4-bee4-02b6532a528b,conceived.exposed,available,22.49,22.49,medium,low,9,namesilo,,,28/09/2026 22:54
e04dac0d-f82e-4519-9d8d-f8b857620327,pigeon.exposed,available,17.2,17.2,high,low,6,cloudflare,,,28/09/2026 02:55
969bb03f-14c3-416b-8ef6-b461c8298fa8,bluntly.exposed,available,22.49,22.49,high,low,7,namesilo,,,14/09/2026 00:39
fe8bf07d-710c-4792-9cb0-174a513cd663,baobab.exposed,available,22.98,28.98,medium,low,6,namecheap,,,17/09/2026 06:21
5e82b4b4-0102-42c5-8a02-9122e7c67846,usaid.exposed,available,22.49,22.49,medium,low,5,namesilo,,,28/09/2026 16:09
ea889622-60c8-49dd-83c0-cc3c823ab1f6,nwa.exposed,available,17.8,17.8,high,low,3,spaceship,,,30/09/2026 04:42
116cdf91-9e2c-4a15-9846-528c76cd3312,consulted.exposed,available,22.49,22.49,medium,low,9,namesilo,,,29/09/2026 16:59
4a25fb84-8c6e-426b-bc9d-bfe34b3d7611,friendless.exposed,available,22.49,22.49,medium,low,10,namesilo,,,18/08/2026 15:33
5dd5d21b-d0ce-4225-a86e-57857ca8e033,allemande.exposed,available,22.49,22.49,medium,low,9,namesilo,,,18/09/2026 10:46
67bbc1f9-664c-41aa-82fa-f506f37cb75b,communicated.exposed,available,18.41,18.41,medium,low,12,dynadot,,,30/09/2026 22:45
0d7a2d8c-e6b5-4c3b-84f5-4565f8228a79,stefan.exposed,available,22.49,22.49,high,low,6,namesilo,,,25/09/2026 14:25
fdf7e45c-558c-43e1-876c-a4a20488b639,asturias.exposed,available,22.49,22.49,medium,low,8,namesilo,,,29/09/2026 15:34
e1ad13e3-e939-4392-a822-5e29f3525ae9,aten.exposed,available,22.98,28.98,medium,low,4,namecheap,,,20/09/2026 20:04
11a5cdee-614f-4a56-bc90-166521408097,hoydenish.exposed,available,22.49,22.49,low,low,9,namesilo,,,21/08/2026 14:29
7c9c49d1-8ebf-4176-ba1b-8443c44b4c27,object.exposed,available,22.49,22.49,high,low,6,namesilo,,,19/09/2026 05:21
2046ff7e-86e7-48d6-84d4-d2e149af16a0,sighs.exposed,available,17.8,17.8,medium,low,5,spaceship,,,30/09/2026 00:18
eeee5fce-d462-4d90-8169-fafb4ff4b7ea,calced.exposed,available,22.49,22.49,medium,low,6,namesilo,,,11/08/2026 13:41
9e510774-c061-43a7-a189-3c6b330c3897,amplitudes.exposed,available,18.02,18.02,medium,low,10,porkbun,,,30/09/2026 00:33
b6f69e27-4c8d-4c40-b215-7ea0260dbb49,panic.exposed,available,17.2,17.2,medium,low,5,cloudflare,,,28/09/2026 19:23
d668cda1-a58d-40d8-8205-cd7179effe36,extraneous.exposed,available,22.98,28.98,medium,low,10,namecheap,,,17/08/2026 19:20
c49c35e7-18d0-4ad1-bf51-8d14ee25c2ce,bullish.exposed,available,22.49,22.49,high,low,7,namesilo,,,23/09/2026 10:43
5065885d-b778-462f-8679-0250d9330610,recognised.exposed,available,22.49,22.49,high,low,10,namesilo,,,21/09/2026 15:30
edbb8052-da21-4de4-96f0-ffc9f8e5a30b,spit.exposed,available,22.98,28.98,medium,low,4,namecheap,,,15/09/2026 20:17
b6b669b5-4f66-4bdd-87e5-e051dadf6c64,conceive.exposed,available,22.49,22.49,high,low,8,namesilo,,,29/09/2026 14:04
101c56bb-5cce-4065-9213-fadedd51de2c,pouring.exposed,available,22.49,22.49,high,low,7,namesilo,,,20/08/2026 21:01
96747fa1-697f-444a-97a5-795c08241986,exclusion.exposed,available,22.49,22.49,high,low,9,namesilo,,,30/09/2026 17:15
6adda020-7827-4f93-a661-1fc4a1f11354,cypriote.exposed,available,25.99,27.99,medium,low,8,name.com,,,13/08/2026 14:05
95ad4590-d06f-4995-aa16-5a0515e55a4a,prolix.exposed,available,22.49,22.49,medium,low,6,namesilo,,,09/09/2026 03:04
5dfc767c-7f8d-4c24-82db-d4300b3f7705,provisional.exposed,available,22.49,22.49,high,low,11,namesilo,,,30/09/2026 19:46
6f9e97cb-2981-4ba7-b6b2-0baee3cd4576,fec.exposed,available,17.2,17.2,high,low,3,cloudflare,,,30/09/2026 13:10
56fb3a33-e413-479e-8172-ce5874d34803,akvavit.exposed,available,22.98,28.98,medium,low,7,namecheap,,,18/09/2026 00:17
96fa4136-73ef-4325-a93e-192b1df8ae44,maude.exposed,available,22.98,28.98,medium,low,5,namecheap,,,28/09/2026 12:05
f889c367-e118-4453-9c93-8dcb7bc7c725,alluvial.exposed,available,22.49,22.49,high,low,8,namesilo,,,
49c2a3ea-6ef7-41b5-a51b-410016fffb84,sickness.exposed,available,22.98,28.98,high,low,8,namecheap,,,27/09/2026 04:31
491b194b-fe1d-4b7c-b59a-677031b30d13,yowl.exposed,available,22.49,22.49,medium,low,4,namesilo,,,23/09/2026 06:24
a31b4c6c-5168-46f8-8fde-b66a31cc9562,gita.exposed,available,22.49,22.49,medium,low,4,namesilo,,,23/09/2026 12:33
699b5b49-efb6-45af-afe8-e58c5d39e2b0,goddamned.exposed,available,22.49,22.49,medium,low,9,namesilo,,,10/08/2026 12:48
cfc380ce-bced-424c-b66c-7a3d19b81cc5,abed.exposed,available,22.49,22.49,medium,low,4,namesilo,,,13/09/2026 16:13
54c74705-0ff3-48ea-b0dc-21861fcd158a,prox.exposed,available,22.49,22.49,medium,low,4,namesilo,,,09/09/2026 04:42
73aec29a-3254-4c50-b002-5a093c3a39b1,urgency.exposed,available,17.8,17.8,high,low,7,spaceship,,,29/09/2026 19:17
33cff8aa-b112-41f1-a0da-3db1414ebebe,cocksucker.exposed,available,22.49,22.49,medium,low,10,namesilo,,,08/08/2026 23:29
f17fae12-92b7-472b-b119-a3b74324c7e2,tilefish.exposed,available,22.49,22.49,medium,low,8,namesilo,,,24/09/2026 04:04
3d6ca965-fc4d-48a4-8311-e95286e4ae83,breasted.exposed,available,22.49,22.49,medium,low,8,namesilo,,,11/08/2026 03:12
2f0b5d84-df45-4b93-bae6-e61867b9ca99,concealing.exposed,available,22.98,28.98,high,low,10,namecheap,,,12/08/2026 19:52
8dfad7ac-6b33-4ad3-9c35-c6524811939e,marylebone.exposed,available,22.49,22.49,medium,low,10,namesilo,,,30/09/2026 14:03
cc8e4d72-6ed3-4b16-91b7-c1d5b1216543,manifold.exposed,available,22.49,22.49,high,low,8,namesilo,,,24/08/2026 15:07
88801dea-6089-4f14-a4f6-ca9166a22363,rime.exposed,available,22.49,22.49,high,low,4,namesilo,,,21/08/2026 10:08
03ef9bc1-84f7-45ab-9623-33461e905278,gareth.exposed,available,17.8,17.8,high,low,6,spaceship,,,29/09/2026 21:28
89ed992a-f3ce-49cf-ae56-5155680e34bb,midwife.exposed,available,22.49,22.49,high,low,7,namesilo,,,16/09/2026 23:05
adf973ef-06a7-4ee9-bc50-0fe3907a512f,behaviours.exposed,available,22.49,22.49,medium,low,10,namesilo,,,20/09/2026 22:06
a2251b21-ca40-454d-92a0-27b10b58b492,carbonic.exposed,available,22.49,22.49,medium,low,8,namesilo,,,11/08/2026 18:37
b0d6c2c7-5aff-4cc0-9801-22365aa86d42,plait.exposed,available,22.49,22.49,high,low,5,namesilo,,,24/09/2026 07:55
12087606-a888-4824-96c9-06f7e1424069,grapy.exposed,available,22.98,28.98,medium,low,5,namecheap,,,20/08/2026 18:07
398bfe12-d374-4b25-ab96-0b0196ae1527,akaba.exposed,available,22.98,28.98,medium,low,5,namecheap,,,17/09/2026 23:49
c0f8aadb-b1fb-4842-b8dc-411a0a68dea4,argentine.exposed,available,,,high,high,9,,,,
d92c325f-2080-443f-a50c-5102cfa2dbcf,cemetery.exposed,available,22.49,22.49,high,low,8,namesilo,,,27/09/2026 12:06
52c95a41-0a1d-4a9d-b7b0-9c6525b7267e,metcalf.exposed,available,17.2,17.2,medium,low,7,cloudflare,,,28/09/2026 18:20
a7b4427c-9f95-4270-aa4b-3931928dae88,drafting.exposed,available,17.8,17.8,high,low,8,spaceship,,,30/09/2026 09:23
57537f2a-7b67-45a4-8078-69deb8851da2,amish.exposed,available,22.49,22.49,high,low,5,namesilo,,,18/09/2026 21:52
629b0968-3d57-42fe-8fdc-bd414f06ceeb,alfresco.exposed,available,22.49,22.49,medium,low,8,namesilo,,,
578ad3eb-e608-4d57-87b9-f6a49c89e732,endocrine.exposed,available,22.49,22.49,high,low,9,namesilo,,,17/08/2026 01:00
945f0e27-c578-49f3-a72f-7d25d00889ba,raving.exposed,available,22.49,22.49,high,low,6,namesilo,,,15/09/2026 22:43
16953f35-a98a-43b7-8b0e-1172fc0cb984,enkindled.exposed,available,22.49,22.49,medium,low,9,namesilo,,,17/08/2026 09:31
e7a276d2-e06e-4c20-ab36-c31084c1b77e,accelerator.exposed,available,17.2,17.2,high,low,11,cloudflare,,,28/09/2026 02:37
11ae58e3-aaa7-472b-bf80-371fc8549e23,echoing.exposed,available,22.49,22.49,high,low,7,namesilo,,,30/09/2026 03:52
a6842e34-fc34-4f3c-9baa-673354d7fce9,bedside.exposed,available,22.49,22.49,high,low,7,namesilo,,,22/09/2026 23:34
65c3e428-d94c-4d15-839c-214bd0d891f5,gunpowder.exposed,available,22.49,22.49,high,low,9,namesilo,,,29/09/2026 12:59
470ed5fa-e392-4a71-b7a5-416dd2402583,quartet.exposed,available,22.49,22.49,high,low,7,namesilo,,,
b8282e06-0f13-4dea-90e6-31c40e35c028,torture.exposed,available,22.98,28.98,high,low,7,namecheap,,,11/09/2026 18:03
ab84d74c-04d0-404f-9ff5-9fdee291d688,philip.exposed,premium,54.36,108.6,high,low,6,porkbun,,,29/09/2026 17:06
82426bc1-7666-4cb2-b396-26c50fc98f99,bourbon.exposed,available,22.49,22.49,high,low,7,namesilo,,,24/09/2026 07:37
9c66550e-8a49-4471-b025-34968cc87b2c,pickle.exposed,available,18.41,18.41,high,low,6,dynadot,,,29/09/2026 06:57
ffd2cc3d-fe42-4b58-99d9-a1ddc530454d,sophia.exposed,available,22.49,22.49,high,low,6,namesilo,,,28/09/2026 07:06
9b7363b6-b11e-484b-9a13-39ef8e7504db,austere.exposed,available,22.98,28.98,medium,low,7,namecheap,,,22/09/2026 13:15
a1d56822-bca4-4709-8206-1d96323f48bd,diocletian.exposed,available,17.8,17.8,medium,low,10,spaceship,,,30/09/2026 16:59
6434281b-c928-4880-9a1e-90015e85e936,quilting.exposed,premium,23.6,23.6,high,low,8,namesilo,,,30/09/2026 09:05
6d264bc2-32d3-4ec1-a719-25185e0b6a47,louisa.exposed,available,22.49,22.49,medium,low,6,namesilo,,,25/09/2026 14:44
6af8f9cf-1977-42c9-a9a1-13cfc76a8494,ramsay.exposed,available,22.49,22.49,high,low,6,namesilo,,,25/09/2026 15:54
72c5bee4-f856-4297-981b-f2a6cfc93d91,liar.exposed,available,22.49,22.49,high,low,4,namesilo,,,27/09/2026 14:44
e5b89f72-4799-4ecb-9c6a-aba0330dac65,fragments.exposed,available,18.41,18.41,low,low,9,dynadot,,,29/09/2026 05:00
8843a57d-3787-4bf0-9b52-9a19667235f3,improbable.exposed,available,22.49,22.49,medium,low,10,namesilo,,,21/08/2026 23:07
7b5b58dc-a408-42b2-9019-8fc22da6914a,nonresident.exposed,available,17.2,17.2,medium,low,12,cloudflare,,,30/09/2026 14:39
1f738dea-585e-44ed-8f8a-929f53d3208a,fishermen.exposed,available,22.49,22.49,medium,low,9,namesilo,,,29/09/2026 10:38
98e73a1f-7f00-4ff8-b546-398d17737911,faggot.exposed,available,22.49,22.49,medium,low,6,namesilo,,,09/09/2026 08:02
757f601b-2dee-4be3-81ce-cf5d9b881cbb,bushwhack.exposed,available,22.98,28.98,medium,low,9,namecheap,,,18/09/2026 17:32
0178301d-40c7-446b-a328-e7c48dd061cc,touchdowns.exposed,available,22.49,22.49,high,low,10,namesilo,,,19/09/2026 23:06
b12e52cb-3c08-4017-a153-fb1d97e49186,systems.exposed,premium,207.2,207.2,medium,low,7,spaceship,,,29/09/2026 14:31
9962301b-ee12-4ec3-8ef2-889de4eefaa2,analytics.exposed,premium,242,242,high,low,9,namesilo,,,30/09/2026 16:06
32d6b63e-bbbb-45e3-89a3-82cd6e4868dc,sneezing.exposed,available,18.02,18.02,medium,low,8,porkbun,,,30/09/2026 11:18
513e7a3d-8b5b-4309-af2c-7ccbddcebd67,galilean.exposed,available,22.98,28.98,medium,low,8,namecheap,,,18/08/2026 19:37
582377b0-f137-45e2-8f63-b05f41be76fd,roily.exposed,available,22.98,28.98,medium,low,5,namecheap,,,09/09/2026 18:18
d892ef34-6033-4af2-9d60-819a1c945840,processor.exposed,available,18.41,18.41,high,low,9,dynadot,,,29/09/2026 11:51
34cdce48-5a35-4d27-85d2-543e4ded5ccd,benighted.exposed,available,22.49,22.49,low,low,9,namesilo,,,08/09/2026 09:10
fc2c7b53-6a48-4d3b-a410-0c62d2a6f775,vitrified.exposed,available,22.49,22.49,medium,low,9,namesilo,,,13/09/2026 06:20
9306b85a-5e46-46f1-967e-3c04d522db94,condom.exposed,premium,512,512,high,low,6,namesilo,,,29/09/2026 10:43
11e1756a-e95b-4317-bf49-9f78a540c047,barnum.exposed,available,22.49,22.49,medium,low,6,namesilo,,,22/09/2026 06:55
e29b54a6-a79b-460c-ad03-2375aefdd1a4,defensible.exposed,available,22.49,22.49,medium,low,10,namesilo,,,13/08/2026 23:11
89c18b53-2b97-422e-ab6d-fa93dc7b2173,buckshee.exposed,available,22.49,22.49,medium,low,8,namesilo,,,11/08/2026 07:33
e1d9290a-6d2e-4885-97ec-fb0de5644160,containing.exposed,available,22.49,22.49,medium,low,10,namesilo,,,29/09/2026 03:15
a0821eab-c66b-4df0-9d25-52def3d88ff4,topic.exposed,available,37.99,37.99,high,low,5,godaddy,,,28/09/2026 01:44
4e262695-1a5f-455f-95b4-ecbe00e2be95,avignon.exposed,available,22.49,22.49,medium,low,7,namesilo,,,21/09/2026 09:35
77e9cb07-aee7-40c5-9349-1048ddd7fc6e,bulla.exposed,available,22.49,22.49,medium,low,5,namesilo,,,24/09/2026 05:20
37bb7eac-b896-4fc6-89dc-cb57a2d055be,impeding.exposed,available,22.49,22.49,medium,low,8,namesilo,,,12/08/2026 11:44
05cb53bf-eabe-43c8-8c21-563c09ec270e,yucatan.exposed,available,22.49,22.49,medium,low,7,namesilo,,,30/09/2026 03:11
0c4eb532-fca8-4908-92d9-ff49422b30de,chest.exposed,available,22.49,22.49,high,low,5,namesilo,,,24/09/2026 10:14
e5a46bce-87c9-4033-8c4a-a93d39161f07,beryl.exposed,available,22.49,22.49,medium,low,5,namesilo,,,23/09/2026 10:23
325a356a-6d89-4f74-8d63-00488b60e215,oxford.exposed,available,22.98,28.98,high,low,6,namecheap,,,30/09/2026 06:19
3ab09d5e-5de0-498b-a3cf-38b8dcc4024d,plummet.exposed,available,22.49,22.49,medium,low,7,namesilo,,,08/09/2026 21:42
09522be0-a722-42b4-a98e-8f6a7497b653,pensive.exposed,available,22.49,22.49,medium,low,7,namesilo,,,11/08/2026 06:00
7d5d2a16-ddae-4b08-b66f-153adfdb6436,aggressively.exposed,available,22.98,28.98,medium,low,12,namecheap,,,30/09/2026 11:34
7f88c89c-ef6c-4b42-8832-203461d44945,aphorist.exposed,available,22.49,22.49,medium,low,8,namesilo,,,19/09/2026 17:11
27e041ba-727b-431c-bb05-d8126a92fa65,abls.exposed,available,22.49,22.49,medium,low,4,namesilo,,,16/09/2026 16:13
ce96b500-20f7-449f-9e0c-79d1f0b96adf,sacrificing.exposed,available,17.8,17.8,medium,low,11,spaceship,,,30/09/2026 14:38
6a15ba1e-c39d-42f0-be22-274fcc5121bc,dukes.exposed,available,22.98,28.98,high,low,5,namecheap,,,29/09/2026 15:43
726f2392-0212-42aa-ad50-750dbf04740b,songster.exposed,available,22.49,22.49,medium,low,8,namesilo,,,21/09/2026 22:38
25454ad0-7598-451d-aef5-7c89d47ec720,parted.exposed,available,22.49,22.49,medium,low,6,namesilo,,,08/09/2026 01:57
c9d729b1-7cfe-4f8a-9f64-9f5b5b63757f,weedless.exposed,available,22.49,22.49,medium,low,8,namesilo,,,13/09/2026 10:00
9358b0b3-9f2a-4597-bd57-ec95715b16e9,gallons.exposed,available,22.49,22.49,low,low,7,namesilo,,,28/09/2026 23:47
b0819cc9-9f37-4c3b-ac1e-9305e49ff59f,occasionally.exposed,available,17.8,17.8,medium,low,12,spaceship,,,27/09/2026 17:20
2b8a62a3-8752-46dd-96ea-c2b4a65efb91,bewildered.exposed,available,22.49,22.49,medium,low,10,namesilo,,,07/08/2026 11:52
902ad6af-e1e8-4912-a76e-991c4647c777,undigested.exposed,available,22.49,22.49,medium,low,10,namesilo,,,12/09/2026 08:01
221165eb-fc6d-4241-9722-1428f08aa92b,calgary.exposed,premium,128.7,128.7,high,low,7,namecheap,,,24/09/2026 11:43
fe1aebf5-34d7-4a06-959a-ae213a27fb5b,percussion.exposed,available,18.41,18.41,high,low,10,dynadot,,,30/09/2026 18:19
45dcce13-b6a3-472e-bcd5-b457db8479b2,withdraw.exposed,available,22.98,28.98,high,low,8,namecheap,,,24/09/2026 19:10
0a12e5cb-7733-40a3-8243-05e84c4468e5,kelly.exposed,available,22.49,22.49,high,low,5,namesilo,,,25/09/2026 05:33
e8881ff0-d272-433c-a5c7-e0c70642df7b,circus.exposed,available,18.02,18.02,high,low,6,porkbun,,,29/09/2026 09:23
be1844db-868e-468c-9c18-34becdeebb5b,soledad.exposed,available,17.8,17.8,medium,low,7,spaceship,,,30/09/2026 18:46
8e15da99-fcfe-44a7-be59-939fb8e50cd5,negotiation.exposed,available,17.8,17.8,high,low,11,spaceship,,,30/09/2026 19:24
16383953-206c-4497-af12-a569e69de948,juristic.exposed,available,22.49,22.49,medium,low,8,namesilo,,,22/08/2026 14:37
3ec80437-e204-49ce-ba05-26176c7f9e98,etiologic.exposed,available,22.49,22.49,medium,low,9,namesilo,,,
c7ecf736-8f25-4497-bc71-3ba341706acd,inhale.exposed,available,17.8,17.8,high,low,6,spaceship,,,30/09/2026 16:29
8d242dca-a03e-4c93-ac7d-5164a46b5a75,sunshine.exposed,available,22.98,28.98,high,low,8,namecheap,,,27/09/2026 02:06
128dee30-b004-4bab-81b4-85165a80337e,polio.exposed,available,22.49,22.49,medium,low,5,namesilo,,,17/09/2026 05:40
1a5bec98-221f-47b9-9f74-253f002acc50,avidity.exposed,available,22.49,22.49,high,low,7,namesilo,,,21/09/2026 09:28
ec80b56b-c23b-4c13-ae15-edd74972a553,mortgaged.exposed,available,22.49,22.49,medium,low,9,namesilo,,,25/08/2026 06:38
c78d2e31-2106-49d4-a79e-13329278398e,preston.exposed,premium,128.7,128.7,high,low,7,namecheap,,,25/09/2026 20:01
4ceadf6d-471e-4586-b2cb-a75c955bca49,include.exposed,available,18.02,18.02,high,low,7,porkbun,,,30/09/2026 20:19
7503e39d-7959-400a-a066-fc7f674be51c,homing.exposed,available,22.49,22.49,medium,low,6,namesilo,,,21/08/2026 12:35
f6e76be0-d3df-4f7b-ac49-f58097207dae,shortage.exposed,available,22.98,28.98,medium,low,8,namecheap,,,28/09/2026 18:53
361504b2-a2e2-4bed-ba5b-33c10640192d,livermore.exposed,premium,,,medium,low,9,,,,28/09/2026 10:16
e4f7cc54-91a6-4909-bfe0-1ad664061f5e,essex.exposed,available,22.49,22.49,high,low,5,namesilo,,,25/09/2026 05:41
8118aa01-b7b6-45f5-942e-a1216484e544,saute.exposed,available,22.49,22.49,high,low,5,namesilo,,,09/09/2026 22:00
c38dbb63-284a-4281-ad4f-75bc5c9d9caf,dome.exposed,available,17.8,17.8,medium,low,4,spaceship,,,29/09/2026 00:15
c0dd1711-81f5-4584-b9af-fb4b1328bd64,flagfish.exposed,available,22.98,28.98,medium,low,8,namecheap,,,18/09/2026 19:58
494262a9-b129-41dc-aded-9183eda71b9f,diverging.exposed,available,22.49,22.49,medium,low,9,namesilo,,,14/08/2026 13:37
894af5cd-db5f-447d-85c6-06d546d632c4,harper.exposed,available,22.49,22.49,high,low,6,namesilo,,,25/09/2026 06:58
8c17fb15-8a67-4c97-a8e0-e2ca2855b9bc,moorhead.exposed,available,22.98,28.98,medium,low,8,namecheap,,,30/09/2026 05:19
2a24fc98-fe32-4d34-ab9d-ed66f488e473,unfortunate.exposed,available,22.98,28.98,medium,low,11,namecheap,,,26/09/2026 03:07
c7dadca6-ca4f-4c56-8af6-ae13c2d1ea30,chelsea.exposed,premium,118.8,118.8,high,low,7,namesilo,,,25/09/2026 14:48
42017f91-d2ae-4576-a560-5a6c5d36ccdc,nagging.exposed,available,22.49,22.49,high,low,7,namesilo,,,03/09/2026 12:41
13717d47-d304-4257-b4f3-0c6551066c67,screamer.exposed,available,22.49,22.49,medium,low,8,namesilo,,,22/09/2026 17:00
88d974dc-38f5-4b5a-9a45-f03e49263be6,cogent.exposed,available,22.49,22.49,high,low,6,namesilo,,,12/08/2026 15:33
d99c9a96-edb0-45fb-ab04-a0ec9c2a1a96,sliding.exposed,available,17.2,17.2,high,low,7,cloudflare,,,27/09/2026 22:47
cc3f9079-1be2-4398-99ec-d2e664618e13,vendable.exposed,available,22.98,28.98,medium,low,8,namecheap,,,24/08/2026 20:30
a5fb014b-5b79-4fb2-b104-4b0278a2c9c6,vibration.exposed,available,22.49,22.49,high,low,9,namesilo,,,19/09/2026 17:28
5002c5b8-6d30-47c2-8ee7-31c96c6abe92,spangled.exposed,available,22.98,28.98,high,low,8,namecheap,,,18/08/2026 21:17
0450b56f-1fdb-490e-850f-79f16348c7fc,kirkland.exposed,available,,,high,high,8,,,,
2fdaad3e-96bc-4021-ac46-503dab7ec05c,procedural.exposed,available,22.49,22.49,high,low,10,namesilo,,,09/09/2026 02:31
7aab5d8d-e082-4425-9695-5dcdbbcee19b,itch.exposed,available,18.41,18.41,high,low,4,dynadot,,,29/09/2026 19:24
d998619c-db9d-4996-8b69-6426ff84f313,abutilon.exposed,available,22.98,28.98,medium,low,8,namecheap,,,16/09/2026 19:21
5a20ebb8-0220-40ac-bf88-4725402a4952,irc.exposed,available,17.8,17.8,high,low,3,spaceship,,,28/09/2026 20:54
f40f933e-2c8a-4d70-8058-83ce596da4e5,cleverness.exposed,available,22.49,22.49,high,low,10,namesilo,,,24/09/2026 15:36
9e2bb9c1-8097-43d6-aff6-ecd0214999a6,spruce.exposed,available,25.99,27.99,high,low,6,name.com,,,13/08/2026 17:37
df55142d-d87c-43ce-a1ed-645096d88eb7,probiotic.exposed,available,17.2,17.2,high,low,9,cloudflare,,,28/09/2026 02:50
3b2f25b9-9cb0-4077-b3b6-16cca717b0a7,rawlings.exposed,available,17.2,17.2,medium,low,8,cloudflare,,,30/09/2026 05:43
f82991d1-d685-426d-9701-cb8b5c8a8928,diamantine.exposed,available,22.49,22.49,medium,low,10,namesilo,,,14/08/2026 05:52
829162b8-693b-4720-8e65-ea56be4ab905,blended.exposed,available,22.49,22.49,high,low,7,namesilo,,,10/08/2026 14:14
b92c6104-f5de-4c85-a5b8-6c32387c981e,mubarak.exposed,available,17.2,17.2,medium,low,7,cloudflare,,,29/09/2026 13:04
c4eb23b3-b72d-489e-b0c9-0f6e43e155df,zones.exposed,available,18.02,18.02,medium,low,5,porkbun,,,29/09/2026 16:49
8806acb7-e875-4a3b-b19e-e10a1b972303,neapolitan.exposed,available,22.49,22.49,medium,low,10,namesilo,,,03/09/2026 14:18
1d00dc49-5b49-45ad-8e5f-e2c0d5a920c5,geothermal.exposed,available,22.49,22.49,high,low,10,namesilo,,,18/08/2026 22:39
33115177-6e51-4ef5-94e5-4cf743a5d10e,noncurrent.exposed,available,22.98,28.98,medium,low,10,namecheap,,,03/09/2026 19:01
60c861ba-e860-468e-9ff6-6e9ebb8bdd01,okeh.exposed,available,22.49,22.49,high,low,4,namesilo,,,03/09/2026 23:21
c0da5450-de02-473d-a4c9-ed0d5dbfa569,eyrie.exposed,available,22.49,22.49,high,low,5,namesilo,,,
a28848b2-3b06-40ef-b4e6-6c069cc857c5,postcard.exposed,available,17.2,17.2,high,low,8,cloudflare,,,29/09/2026 13:21
23a51a62-bf6d-4b74-a63b-b6f5075ca9a2,trillion.exposed,available,22.49,22.49,high,low,8,namesilo,,,11/09/2026 19:49
f9860876-0616-42b0-94be-4487baac44cd,costly.exposed,available,22.49,22.49,high,low,6,namesilo,,,24/09/2026 00:19
13ec9294-9f2c-4ff1-8b62-f439ac71532e,ionizing.exposed,available,22.49,22.49,medium,low,8,namesilo,,,29/09/2026 08:38
97997deb-3152-4da7-989d-c78e0209a6a9,erotic.exposed,premium,500,500,high,low,6,name.com,,,17/08/2026 12:42
35db2a0b-a16a-4851-803e-3a450fa0de73,philia.exposed,available,22.49,22.49,high,low,6,namesilo,,,17/09/2026 14:21
b9e2ceda-6c53-4867-849d-6980ad1d3b32,affirmative.exposed,available,17.8,17.8,high,low,11,spaceship,,,30/09/2026 22:02
dd7e1ea1-69ea-446d-9756-b962c3a6a94a,obscurely.exposed,available,22.49,22.49,medium,low,9,namesilo,,,15/09/2026 17:13
e467af52-bff1-49cc-afef-114e5a133f4d,hypnosis.exposed,available,17.8,17.8,high,low,8,spaceship,,,29/09/2026 19:14
6c75f19a-2afc-4589-b856-dcff04b7ec3f,arere.exposed,available,22.98,28.98,medium,low,5,namecheap,,,20/09/2026 03:56
30e49646-7a25-4c4f-a5cc-7fcb874b5159,bart.exposed,available,22.49,22.49,high,low,4,namesilo,,,22/09/2026 07:32
6c2f76cf-0fa8-475f-8177-01f8cfab44fb,miniature.exposed,available,22.49,22.49,high,low,9,namesilo,,,24/08/2026 23:48
f49f9276-0172-4914-aad6-97288fc24c9a,recovered.exposed,available,22.49,22.49,high,low,9,namesilo,,,13/08/2026 11:06
13f5fa6f-6e34-4fc5-bccd-3bf17fe39cdc,accursed.exposed,available,22.49,22.49,medium,low,8,namesilo,,,
599a5d52-1ecd-4d07-971a-2be9ead9fb26,sideline.exposed,available,22.49,22.49,high,low,8,namesilo,,,21/09/2026 09:42
66d8c0aa-8b15-4c4e-bb2e-73880db6446a,phycology.exposed,available,22.49,22.49,medium,low,9,namesilo,,,18/09/2026 07:09
7b912d31-1365-4e26-8c8f-f97f1556423e,specter.exposed,available,22.49,22.49,high,low,7,namesilo,,,08/09/2026 18:41
ae3f4298-1223-4faa-bdbe-be2f6e406dbf,ayers.exposed,available,22.49,22.49,medium,low,5,namesilo,,,29/09/2026 09:56
1bfb97a0-19a2-49f0-9dce-c80066cea1d3,aes.exposed,available,22.49,22.49,high,low,3,namesilo,,,29/09/2026 09:48
bbf5d527-cf65-42b5-932e-c0d88773c7c8,bakeshop.exposed,available,22.98,28.98,high,low,8,namecheap,,,21/09/2026 20:10
93b2d130-793b-463a-a0d8-2c892e05c3f6,upriver.exposed,available,22.49,22.49,medium,low,7,namesilo,,,12/09/2026 23:26
c49d92c5-8ecd-4956-b782-bbb1d4a23f02,plata.exposed,available,22.49,22.49,high,low,5,namesilo,,,27/09/2026 02:58
391d233d-fd4f-4b41-a4e4-e378ebd83575,blackwash.exposed,available,22.49,22.49,medium,low,9,namesilo,,,20/09/2026 15:47
09bab3a5-e6d2-4d77-bf0d-5583095319f6,conclusive.exposed,available,22.98,28.98,high,low,10,namecheap,,,23/09/2026 19:11
84958fd8-c98f-45f1-949d-96f87fa16545,featuring.exposed,available,17.2,17.2,high,low,9,cloudflare,,,29/09/2026 14:52
1f3db44c-5703-4b5e-b241-7cd0f431d6f3,nosy.exposed,available,22.49,22.49,medium,low,4,namesilo,,,03/09/2026 21:48
15a1c80b-7695-47e0-bc40-15216bc3c00c,logo.exposed,available,17.2,17.2,high,low,4,cloudflare,,,30/09/2026 21:05
ee75288f-117b-4b49-a3a4-fcdca9298f5c,nineteenth.exposed,available,22.49,22.49,high,low,10,namesilo,,,
2ae1ff72-4122-4292-becb-a845d91a124b,milky.exposed,available,22.49,22.49,high,low,5,namesilo,,,24/08/2026 23:02
33d0ee14-e1bc-4a55-9a81-486abc74572f,operative.exposed,available,22.49,22.49,high,low,9,namesilo,,,04/09/2026 16:29
4d643152-71ee-40f6-ae90-94b3a60f5fe8,nafta.exposed,available,22.49,22.49,medium,low,5,namesilo,,,29/09/2026 07:38
df78993d-5d78-405c-bb98-1886d4e55311,akhbari.exposed,available,22.49,22.49,high,low,7,namesilo,,,17/09/2026 23:56
1b4d4bf0-10f9-4516-9be1-f667dd0c814d,acre.exposed,available,17.2,17.2,high,low,4,cloudflare,,,28/09/2026 17:21
7efc385a-fe4c-4681-9de4-9f8f4f45a944,alhazen.exposed,available,22.49,22.49,medium,low,7,namesilo,,,18/09/2026 00:42
79ab4787-8a36-43af-baad-8246c7d74de2,doorbell.exposed,available,17.8,17.8,medium,low,8,spaceship,,,29/09/2026 22:59
99b7191a-c74a-4a2a-b440-a2253dc3df05,rarely.exposed,available,22.49,22.49,medium,low,6,namesilo,,,15/09/2026 22:32
c8902ddb-e573-41b5-a24c-eb30dc349ad6,salvation.exposed,available,22.49,22.49,high,low,9,namesilo,,,28/09/2026 03:00
04291210-27d1-4c28-8d49-d38740f65570,shin.exposed,available,17.2,17.2,high,low,4,cloudflare,,,29/09/2026 09:47
e3312122-5484-409e-8d0f-223f12e43755,bauble.exposed,available,22.49,22.49,medium,low,6,namesilo,,,22/09/2026 16:31
1b2214c6-ad2a-4ef5-a6b5-98c4639315cd,rutgers.exposed,available,22.98,28.98,high,low,7,namecheap,,,25/09/2026 20:41
5c9e138c-f42e-4913-8936-d0e1a26cdf41,punishment.exposed,available,22.49,22.49,high,low,10,namesilo,,,25/09/2026 09:51
a9e3764b-c419-48c1-8cd1-26d2d4e84af8,hygienic.exposed,available,22.49,22.49,high,low,8,namesilo,,,21/08/2026 16:27
05598f1b-d73a-4152-88d0-e5354f5ed662,axletree.exposed,available,22.49,22.49,medium,low,8,namesilo,,,21/09/2026 10:27
dc88442c-f100-4512-952e-3daaef251a01,carver.exposed,available,17.2,17.2,high,low,6,cloudflare,,,29/09/2026 11:53
69e620c5-8b03-46db-9095-aadfcb8834c3,peppy.exposed,available,22.49,22.49,high,low,5,namesilo,,,08/09/2026 15:44
c462b948-9c66-43e1-af94-d74868b89edd,hashtag.exposed,available,22.49,22.49,high,low,7,namesilo,,,
a26dfe2a-03d6-4421-8236-483915b46901,swim.exposed,available,17.8,17.8,high,low,4,spaceship,,,28/09/2026 02:10
71a50321-6376-42fa-8912-f208f97e8b94,mechanic.exposed,available,22.49,22.49,high,low,8,namesilo,,,25/09/2026 18:40
528e047a-152f-41bc-b928-440ebee84943,keyserver.exposed,available,25.99,,medium,low,10,name.com,,,
7987acc1-f771-4cc3-908a-c97e95da3386,hustler.exposed,available,17.2,17.2,medium,low,7,cloudflare,,,30/09/2026 17:21
ba4f7b4c-c9c1-49ee-bfe4-c56135dcfaa9,cretaceous.exposed,available,22.49,22.49,medium,low,10,namesilo,,,13/08/2026 06:22
2f8e717a-af47-4dc6-a7d9-4b22f49a2532,alchemic.exposed,available,22.49,22.49,medium,low,8,namesilo,,,
8985ddc2-c7d1-4027-9d9f-74fd7246d974,aspiring.exposed,available,18.02,18.02,high,low,8,porkbun,,,30/09/2026 11:46
783b20a9-7b1e-4be0-95a6-99b7822b0a4d,softly.exposed,available,22.49,22.49,high,low,6,namesilo,,,27/09/2026 03:45
d4d489de-9fb4-47e2-8098-58235638663a,maddening.exposed,available,22.49,22.49,medium,low,9,namesilo,,,17/08/2026 15:55
ac1dc62c-1c38-4ab6-9c7d-a82dcc5a4625,doug.exposed,available,22.98,28.98,high,low,4,namecheap,,,25/09/2026 13:24
9f92e643-ac89-4d92-a580-29684c710689,tecumseh.exposed,available,22.98,28.98,medium,low,8,namecheap,,,29/09/2026 08:12
bec9d38a-aa0f-4815-b8ff-277c2c4e1400,awaiting.exposed,available,17.8,17.8,low,low,8,spaceship,,,28/09/2026 17:49
754e1d37-c2e6-4740-9848-87a7c22a9928,pet.exposed,premium,250,250,high,medium,3,name.com,,,09/08/2026 17:52
7ec21c51-4c52-44aa-aad3-5bf9f4c8c848,ableism.exposed,available,22.49,22.49,medium,low,7,namesilo,,,16/09/2026 16:10
a25afbc5-5f9d-4dc6-9f99-5b98b8d9ebca,veto.exposed,premium,23.6,23.6,high,low,4,namesilo,,,03/09/2026 15:01
70661f36-4fe6-47c0-9440-849f25534601,sailors.exposed,available,17.2,17.2,medium,low,7,cloudflare,,,28/09/2026 13:06
544c8892-5ec2-4adb-83c6-8b6c125efaa2,bitstock.exposed,available,22.49,22.49,medium,low,8,namesilo,,,23/09/2026 22:47
5cb96739-2def-44b7-a3bd-d5501a7b5c8a,iron.exposed,available,22.49,22.49,high,low,4,namesilo,,,23/09/2026 13:11
5e1a5846-f94d-4cbb-a4d2-31423ed83314,summon.exposed,available,17.8,17.8,high,low,6,spaceship,,,29/09/2026 01:42
7c95498d-791e-4b5e-ad8b-d70bf3626563,mes.exposed,premium,23.6,23.6,high,low,3,namesilo,,,29/09/2026 16:28
6d1ee70d-11d4-48c3-90d2-c150a877494e,grownup.exposed,available,22.49,22.49,high,low,7,namesilo,,,
396acad7-0d23-4ee1-8949-aadf7e8dfe8f,stern.exposed,available,22.49,22.49,high,low,5,namesilo,,,22/09/2026 13:25
ee1555e3-3637-4604-8229-d219e0510254,shackled.exposed,available,22.49,22.49,medium,low,8,namesilo,,,18/08/2026 02:56
8a801998-1c78-48af-b00d-003b1c85b401,glaser.exposed,available,17.2,17.2,high,low,6,cloudflare,,,30/09/2026 01:21
bd9ed769-e109-48d5-8714-da621e1250d9,quarterback.exposed,available,22.49,22.49,high,low,11,namesilo,,,28/09/2026 15:47
1ba49038-f8da-413e-856b-decaf6014d47,bryce.exposed,available,18.41,18.41,high,low,5,dynadot,,,27/09/2026 19:56
317e4ec7-32d3-41be-875e-f87c0a64218a,grind.exposed,available,22.98,28.98,high,low,5,namecheap,,,08/09/2026 21:20
e5aac5bc-36c6-4778-b41d-3f57a7a307a8,territorial.exposed,available,18.02,18.02,medium,low,11,porkbun,,,28/09/2026 21:11
0925ce00-2d40-4826-bf3f-ae844788f5d4,crackle.exposed,available,22.49,22.49,high,low,7,namesilo,,,13/08/2026 04:25
fa8eda8e-71e5-4363-8bcb-7e15b6f8fadf,upon.exposed,available,18.02,18.02,medium,low,4,porkbun,,,01/10/2026 01:32
6ea51bd0-264f-478a-a1af-36ba4a244680,wetter.exposed,available,25.99,27.99,high,low,6,name.com,,,22/09/2026 23:07
a4309387-a0e6-471d-9e1e-4f61ef48e5af,flashes.exposed,available,22.49,22.49,medium,low,7,namesilo,,,29/09/2026 10:47
5c4a8e49-e5f0-44ab-bda4-40ac1b9d391e,biosensors.exposed,available,22.49,22.49,medium,low,10,namesilo,,,21/09/2026 02:37
1d688ca1-e900-401e-a8ec-d835fa936d12,riled.exposed,available,22.49,22.49,medium,low,5,namesilo,,,
07426a95-25ed-40d2-b12e-a6867b51e344,sherman.exposed,available,22.49,22.49,high,low,7,namesilo,,,25/09/2026 09:27
69060bfa-a755-46af-a488-df5c587a1eaa,causal.exposed,available,22.49,22.49,high,low,6,namesilo,,,11/08/2026 22:37
42ed1fa4-bc92-4e67-80bc-b1fa1a6e6be3,origen.exposed,available,22.49,22.49,high,low,6,namesilo,,,29/09/2026 13:37
7126084d-a5f1-4b91-954a-30df5e198db8,bibulous.exposed,available,22.98,28.98,low,low,8,namecheap,,,09/08/2026 18:58
43fb4166-b8be-438e-954d-dda0f3393410,studies.exposed,available,22.98,28.98,high,low,7,namecheap,,,16/09/2026 11:06
4ff3a4e3-ce8e-40a1-a690-c0f2097ed3ce,sweetest.exposed,available,17.8,17.8,medium,low,8,spaceship,,,30/09/2026 15:05
cac78fd5-84dc-4e9d-a46a-8b194af7f427,asgard.exposed,available,22.49,22.49,high,low,6,namesilo,,,20/09/2026 13:34
2918e60e-f0e4-4d59-bb71-d944233ce99d,plotting.exposed,available,17.8,17.8,medium,low,8,spaceship,,,29/09/2026 05:11
da06f008-25c9-4e22-9f19-4c0496a64b96,jarring.exposed,available,22.49,22.49,medium,low,7,namesilo,,,22/08/2026 12:26
7bb16964-56ac-4b49-889e-958e217dcfc8,archine.exposed,available,22.98,28.98,medium,low,7,namecheap,,,20/09/2026 02:10
85745bda-6956-4990-a6f4-e0e487e5f8e1,dignitary.exposed,available,22.98,28.98,high,low,9,namecheap,,,29/09/2026 14:54
578270bd-b8cf-4e78-9a22-0880f3964a70,sullivan.exposed,premium,23.6,23.6,high,low,8,namesilo,,,19/09/2026 10:20
d9da6af1-4691-49ae-89c9-3b862714a5f8,tubing.exposed,available,17.8,17.8,high,low,6,spaceship,,,01/10/2026 04:04
0a08d8c3-45e6-4061-a86f-c694b4e418cb,informant.exposed,available,22.49,22.49,high,low,9,namesilo,,,28/09/2026 14:31
2af0f84d-54b1-4d42-a69e-c9238532f876,clinging.exposed,available,22.49,22.49,medium,low,8,namesilo,,,30/09/2026 19:49
d3fa1b02-2424-4bce-be14-7015e4688934,new.exposed,resell,,,high,medium,3,Porkbun LLC,03/09/2024 19:21,03/09/2027 19:21,26/09/2026 07:45
00d12945-84e1-4e2d-98e8-c8c0ddb43e73,maryland.exposed,available,17.2,17.2,medium,low,8,cloudflare,,,28/09/2026 19:17
aeaf8d51-fad3-4617-bb88-deb6a9a33cac,monterey.exposed,available,22.49,22.49,high,low,8,namesilo,,,30/09/2026 02:19
6eb70635-3a38-4e11-aca1-8db0df6e6b8f,norwich.exposed,premium,38.94,38.94,medium,low,7,namesilo,,,25/09/2026 14:43
c3c52dee-fe67-459b-945b-0e459d496246,grim.exposed,available,22.49,22.49,medium,low,4,namesilo,,,14/08/2026 11:41
1ea4d244-aab6-41ea-b975-a84b90d2b75f,bambusa.exposed,available,22.98,28.98,medium,low,7,namecheap,,,22/09/2026 00:41
e4f5ec5a-4a28-4216-8623-76b17c395620,indicating.exposed,available,17.8,17.8,medium,low,10,spaceship,,,29/09/2026 10:48
dc6e5efa-fbad-485d-a8b9-35a008006d15,mislabeled.exposed,available,22.49,22.49,medium,low,10,namesilo,,,25/08/2026 01:21
efaea19a-e50d-4200-b7a3-7db9d866eb7b,aragonite.exposed,available,22.49,22.49,medium,low,9,namesilo,,,19/09/2026 23:43
46687ba9-b3ec-49c6-aa08-d23629c6941a,roads.exposed,available,22.49,22.49,high,low,5,namesilo,,,30/09/2026 10:19
3bca7c8d-bbe3-4ee7-917f-44cc063d14c9,closeout.exposed,available,22.49,22.49,high,low,9,namesilo,,,
ea93421f-b94c-4edc-b06a-966f62f6a95b,schemes.exposed,available,17.2,17.2,medium,low,7,cloudflare,,,29/09/2026 17:00
e3fd33da-3554-49fe-a7ef-4dcd78e80cfb,skinny.exposed,available,22.49,22.49,high,low,6,namesilo,,,12/08/2026 04:01
f8e20141-bb1c-4cd7-adfd-ce1482fba025,authorized.exposed,available,22.49,22.49,high,low,10,namesilo,,,22/09/2026 13:48
4abeb443-8d24-48ac-80b8-caf66483a722,cva.exposed,available,22.98,28.98,medium,low,3,namecheap,,,19/09/2026 19:12
91fbf433-79fd-4117-aea9-ac1913c2e021,braid.exposed,available,25.99,27.99,high,low,5,name.com,,,24/09/2026 07:53
bcd78c5f-3c76-4e98-a033-addf77d6891e,approach.exposed,available,22.49,22.49,high,low,8,namesilo,,,06/08/2026 08:44
ee27a663-ea3e-49a7-962e-7775525f2a25,groomed.exposed,available,22.49,22.49,high,low,7,namesilo,,,20/08/2026 20:15
c3c34bf1-19b9-44b4-bbbc-e439e70577f5,backlog.exposed,available,22.98,28.98,high,low,7,namecheap,,,21/09/2026 15:41
818372b2-4364-4436-81e4-f7fdfa2fd6fe,farfetched.exposed,available,22.49,22.49,medium,low,10,namesilo,,,17/08/2026 22:32
3e194b61-1d78-4a88-b07a-926853bc78da,dandily.exposed,available,22.49,22.49,medium,low,7,namesilo,,,14/09/2026 10:33
f21060c9-2376-4250-98eb-526668e84999,barricade.exposed,available,22.98,28.98,medium,low,9,namecheap,,,22/09/2026 08:32
b977ede0-02c4-4cb1-823c-bd2d52c94315,bakshis.exposed,available,22.49,22.49,medium,low,7,namesilo,,,21/09/2026 15:54
887bc1f0-44b7-4997-a88e-1818885ef366,asked.exposed,available,22.49,22.49,high,low,5,namesilo,,,
bd1432a1-ebfc-432e-9006-bf5817080502,expand.exposed,available,22.49,22.49,high,low,6,namesilo,,,24/09/2026 13:38
533cde28-c397-4376-b6ac-3e1033f9b388,dumpy.exposed,available,22.98,28.98,medium,low,5,namecheap,,,14/08/2026 21:10
edba6e6b-df34-4546-80a7-771c8e1b539b,kepler.exposed,available,17.8,17.8,high,low,6,spaceship,,,29/09/2026 01:24
a1e2af1c-53b5-4719-b352-f5bc47121eef,shriek.exposed,available,22.49,22.49,medium,low,6,namesilo,,,09/09/2026 23:53
ff4dd595-1a12-4039-8545-9707210de3ae,mattress.exposed,available,17.8,17.8,high,low,8,spaceship,,,28/09/2026 19:51
0d6c9be2-0bed-45bd-8e03-f2980d1c2c55,sumner.exposed,available,17.8,17.8,high,low,6,spaceship,,,29/09/2026 08:10
5a88e374-232a-415e-970e-cd87b66fde8c,heisenberg.exposed,available,17.2,17.2,high,low,10,cloudflare,,,30/09/2026 10:06
e7eefc82-eba5-4b66-bd85-c229b597f35d,paralyzed.exposed,available,22.49,22.49,medium,low,9,namesilo,,,08/09/2026 01:29
f1dcb4cc-38d9-475b-b951-9950ddc2004f,evidence.exposed,available,22.49,22.49,high,low,8,namesilo,,,24/08/2026 15:05
ad28ffb1-384c-4692-bdb2-243c10b8201d,mortal.exposed,available,25.99,27.99,high,low,6,name.com,,,13/08/2026 19:33
48bdc039-0066-4a79-9d2e-3876554905b6,lookouts.exposed,available,22.49,22.49,medium,low,8,namesilo,,,18/09/2026 10:55
95a4639f-2b0f-4d24-8211-574be8d83aea,donation.exposed,available,22.49,22.49,high,low,8,namesilo,,,29/09/2026 16:32
93a7a3c9-574f-49d9-8d2f-3b2862e09d2e,horseshoe.exposed,available,17.2,17.2,high,low,9,cloudflare,,,29/09/2026 19:10
00eb8ab2-2235-4d08-9990-3761d36f1ef2,hoot.exposed,available,25.99,27.99,high,low,4,name.com,,,13/08/2026 16:12
599a98b8-9fb9-40a0-9f2a-f9064feccd60,fatless.exposed,available,22.49,22.49,medium,low,7,namesilo,,,17/08/2026 23:27
59697209-9626-4acc-831d-07b3233aea7c,chancy.exposed,available,22.49,22.49,medium,low,6,namesilo,,,12/08/2026 01:41
930b100c-6434-4099-bba6-3c8a73caea7d,zend.exposed,available,22.49,22.49,medium,low,4,namesilo,,,07/08/2026 23:12
817d263d-93d7-4b12-96ce-92a5f52e68bd,stalemated.exposed,available,25.99,27.99,low,low,10,name.com,,,13/08/2026 19:29
720c3ed3-16ef-473e-8aa1-cb6f2d936d5d,kilometers.exposed,available,17.8,17.8,medium,low,10,spaceship,,,28/09/2026 23:06
ddcf221a-aa4b-47c7-b8ff-f7511e609bfd,davey.exposed,available,22.98,28.98,medium,low,5,namecheap,,,28/09/2026 07:55
f9fdd12b-5b63-4749-8587-14b1c379cbbe,venal.exposed,available,22.49,22.49,medium,low,5,namesilo,,,11/08/2026 03:46
068c5d5e-19d5-44a1-9610-13a13c2a48d1,frequencies.exposed,available,17.2,17.2,medium,low,11,cloudflare,,,29/09/2026 10:28
bd130a64-1f63-406d-854a-8c8c39914087,discussion.exposed,available,17.2,17.2,high,low,10,cloudflare,,,29/09/2026 15:38
768e1bd3-b52a-4092-8ace-0e905cb48206,biracial.exposed,available,22.49,22.49,high,low,8,namesilo,,,10/08/2026 05:42
7d296507-211c-4964-912f-91ca90496843,unnoticed.exposed,available,22.49,22.49,medium,low,9,namesilo,,,12/09/2026 16:02
cf8b7ff4-0fed-4183-a605-09e38e3d0053,spoiled.exposed,available,22.49,22.49,medium,low,7,namesilo,,,10/09/2026 16:20
8a6dd01b-1d21-406b-b5bb-0b65fad06bea,allometry.exposed,available,22.49,22.49,medium,low,9,namesilo,,,18/09/2026 11:57
9ab3a84f-19d5-470d-923e-61c55d849ef4,dashing.exposed,available,25.99,27.99,high,low,7,name.com,,,13/08/2026 17:27
f7080c66-2152-4883-a916-5e5ce34de479,stiles.exposed,available,17.8,17.8,medium,low,6,spaceship,,,30/09/2026 13:36
a0891468-30d9-4e16-93d0-3703aa207b46,batman.exposed,available,17.2,17.2,high,low,6,cloudflare,,,29/09/2026 01:33
213f5388-5c99-475d-9256-f3bd7a1df27b,healer.exposed,available,22.49,22.49,high,low,6,namesilo,,,30/09/2026 01:51
ed9171d8-8af3-490d-a3de-69c6f2289f24,polypropylene.exposed,available,17.8,17.8,medium,low,13,spaceship,,,30/09/2026 23:16
e4acb7c4-d8d3-41f9-af46-ecc5ced920ce,valuables.exposed,available,18.02,18.02,high,low,9,porkbun,,,30/09/2026 23:28
23ecf214-365a-468d-a956-ca4ea442c0b5,apostolic.exposed,available,22.49,22.49,medium,low,9,namesilo,,,06/08/2026 04:04
c61eac9e-8488-4c9d-8ac0-0b43782a2ee5,endpoints.exposed,available,22.49,22.49,medium,low,9,namesilo,,,30/09/2026 07:49
e1feeb32-975c-4182-9345-97c59f84bed7,apophasis.exposed,available,22.98,28.98,medium,low,9,namecheap,,,19/09/2026 19:01
20bb5d96-a017-4a6e-b8e6-fb7aea697676,donkey.exposed,available,22.49,22.49,high,low,6,namesilo,,,29/09/2026 16:28
f225c8be-f664-466c-9e09-ab47245a53ef,colder.exposed,available,17.2,17.2,low,low,6,cloudflare,,,29/09/2026 10:18
6f2a0215-0245-4dd9-bdfd-ce4326e813ec,epos.exposed,available,22.49,22.49,high,low,4,namesilo,,,17/08/2026 10:28
ed1e7a56-75ff-48aa-87c9-57c54a7d9eac,blend.exposed,available,22.49,22.49,high,low,5,namesilo,,,24/09/2026 05:37
0f66ce68-bac0-4a2f-b61a-b1b51c3c4e4e,bribery.exposed,available,22.98,28.98,medium,low,7,namecheap,,,29/09/2026 11:46
02a7d94f-9320-4332-95e7-164affd70da6,graphical.exposed,available,22.49,22.49,high,low,9,namesilo,,,20/08/2026 18:11
882f6161-af57-4808-b118-7cc3c53d58a0,understood.exposed,available,17.2,17.2,high,low,10,cloudflare,,,28/09/2026 02:13
cf603788-3413-47d8-ac4a-fef2a338d9b5,mettlesome.exposed,available,22.49,22.49,medium,low,10,namesilo,,,24/08/2026 22:10
e5c31a1e-2d23-4764-962b-aa1a2da29ba0,confidence.exposed,available,22.98,28.98,high,low,10,namecheap,,,20/09/2026 16:46
21f38d2e-97e8-4a83-9a61-95bf4d8b1c32,shivaree.exposed,available,22.49,22.49,medium,low,8,namesilo,,,23/09/2026 06:07
383af071-056b-465e-bced-54d6b98842cf,acetous.exposed,available,22.49,22.49,medium,low,7,namesilo,,,
a4cd4bf7-547e-4506-8c8d-af0b9c39791b,estado.exposed,available,22.49,22.49,high,low,6,namesilo,,,01/10/2026 00:20
7a63a2ef-12ff-4c05-b0d4-7f86623f6789,ideas.exposed,premium,118.8,118.8,high,low,5,namesilo,,,
b4530484-e519-4829-94e5-dd35c950288a,scandal.exposed,available,17.8,17.8,high,low,7,spaceship,,,30/09/2026 03:45
1d5d7284-30f4-425f-b35a-968a694684b7,bothersome.exposed,available,22.49,22.49,medium,low,10,namesilo,,,
453f1a73-087c-41ac-8ecf-3b926e570406,bridge.exposed,available,22.49,22.49,high,medium,6,namesilo,,,29/09/2026 04:05
f9a73fde-05c0-4ecc-ad34-7a0ecea21b21,faintly.exposed,available,22.49,22.49,medium,low,7,namesilo,,,14/09/2026 17:33
9f1329e3-7374-4293-98ac-541ecca63906,try.exposed,premium,102.67,102.67,high,low,3,spaceship,,,28/09/2026 23:04
2ae8465f-adc8-43ba-b217-46f42146efef,finally.exposed,available,22.49,22.49,high,low,7,namesilo,,,28/09/2026 12:41
61ad29f5-25ac-44db-a3b4-abcb63ad75fb,eyewitness.exposed,available,18.41,18.41,high,low,10,dynadot,,,29/09/2026 18:49
4a27f7ce-8242-470b-be2f-acf677d3afe8,consequently.exposed,available,17.8,17.8,medium,low,12,spaceship,,,29/09/2026 10:11
27be6740-0d3f-4eea-96ce-5d7a23c1910c,harlan.exposed,available,22.49,22.49,medium,low,6,namesilo,,,27/09/2026 08:13
f84740f3-738b-457d-b8ed-3e5498dd5153,companies.exposed,premium,118.8,118.8,high,low,9,namesilo,,,01/10/2026 02:54
8f63414f-b975-497f-8816-ceff668cc500,companion.exposed,available,22.49,22.49,high,low,9,namesilo,,,24/09/2026 16:40
1c282116-08a3-4de5-a16d-047eac819211,slapdash.exposed,available,22.49,22.49,medium,low,8,namesilo,,,10/09/2026 09:57
2913d7ef-5b41-45d1-9468-2a224507ac8f,prophet.exposed,available,22.49,22.49,high,low,7,namesilo,,,28/09/2026 02:52
a0a6ea65-66f8-4c46-8e1e-22ae76735bd0,sustained.exposed,available,22.49,22.49,high,low,9,namesilo,,,18/08/2026 14:51
c64ea92a-ec03-4314-94ca-e557b5660e26,weighted.exposed,available,22.49,22.49,high,low,8,namesilo,,,13/09/2026 10:08
9c30d51d-6e4e-4cd1-977c-ef4f13fe0dc6,socialized.exposed,available,22.49,22.49,medium,low,10,namesilo,,,10/09/2026 13:12
08031a50-0f37-4043-8bc4-46bb03169d89,bantam.exposed,available,22.49,22.49,medium,low,6,namesilo,,,08/08/2026 14:01
31d6edbf-0938-4c4c-bee4-501c93c4ab5a,usernames.exposed,available,22.98,28.98,medium,low,9,namecheap,,,20/09/2026 06:18
75e76c10-e423-49a0-abcf-2aa2aff30583,airscrew.exposed,available,22.49,22.49,medium,low,8,namesilo,,,17/09/2026 23:17
028c193b-d2a7-46a3-8616-359e4524d2d9,release.exposed,available,22.98,28.98,high,low,7,namecheap,,,24/09/2026 21:38
e1f3a1be-6228-4514-b34e-541ccb8cee9e,pith.exposed,available,22.49,22.49,high,low,4,namesilo,,,14/09/2026 23:55
e678d16e-467e-40c9-98ba-86ce57b2a9ba,methodology.exposed,available,22.49,22.49,high,low,11,namesilo,,,30/09/2026 06:02
26902bcd-247c-4dec-8fa4-001e1b461872,gabonese.exposed,available,22.98,28.98,medium,low,8,namecheap,,,18/08/2026 19:24
243a5232-9a8a-4c36-b3f3-c151c847811e,perplexed.exposed,available,22.98,28.98,medium,low,9,namecheap,,,08/09/2026 17:56
ddaf8436-f1b6-4ee0-b8fc-9c5286a5edfa,graduated.exposed,available,22.49,22.49,high,low,9,namesilo,,,11/08/2026 14:18
9d0365cf-98a4-49da-bdc1-39d3362cc7e3,anathema.exposed,available,22.49,22.49,medium,low,8,namesilo,,,19/09/2026 03:24
815b47d8-5d2d-432d-9540-a9c1a56a2bce,accessary.exposed,available,22.49,22.49,medium,low,9,namesilo,,,
e46f88d4-6de2-4fa0-9e23-715bbd90cb1e,seaworthy.exposed,available,22.49,22.49,high,low,9,namesilo,,,10/09/2026 01:05
7b4a7a89-d887-462a-a904-a71f81c0fee5,third.exposed,available,22.49,22.49,high,low,5,namesilo,,,
b54c1339-3b49-42bd-83ed-f8e0b3871a1a,inuit.exposed,premium,20.9,20.9,medium,low,5,spaceship,,,28/09/2026 09:42
34c5e1ec-ab9c-4226-b8ff-8e963e1b240f,brewing.exposed,available,18.41,18.41,high,low,7,dynadot,,,29/09/2026 18:06
02a6ae27-912e-447d-b262-0a873d1c17ed,lush.exposed,available,,,high,medium,4,,,,
116d1925-954c-41d7-85ad-0e04e0339369,fasting.exposed,available,22.49,22.49,high,low,7,namesilo,,,17/08/2026 23:03
1a5b3fe7-952e-43a4-a004-488744d3d993,hahaha.exposed,available,25.99,,high,low,6,name.com,,,
58c2cfd0-0bf2-4094-9630-dad73646ad88,uniat.exposed,available,22.49,22.49,medium,low,5,namesilo,,,12/09/2026 12:44
813fdec5-cb1f-4aa5-9e62-b1bbaa9ef749,anthus.exposed,available,22.49,22.49,medium,low,6,namesilo,,,19/09/2026 14:02
822f2fde-416a-4a28-968e-3ce805df384b,azygous.exposed,available,22.49,22.49,medium,low,7,namesilo,,,08/08/2026 03:27
c39cf8ac-19be-48de-8ce9-eaefe9016b8b,legalise.exposed,available,22.49,22.49,high,low,8,namesilo,,,22/08/2026 23:07
d6ec54a3-268c-468e-990c-5417808435be,heed.exposed,available,22.49,22.49,high,low,4,namesilo,,,08/09/2026 10:58
2bd83bca-4680-4eff-859e-6ee395902d9d,wimbledon.exposed,available,17.8,17.8,medium,low,9,spaceship,,,28/09/2026 20:48
b786360c-530d-4b6f-87ee-027e6fee4c7b,anodic.exposed,available,22.49,22.49,high,low,6,namesilo,,,
747646d0-8451-4799-b91c-9565c11d0cec,door.exposed,available,22.98,28.98,high,low,4,namecheap,,,19/09/2026 10:21
8f3a6ad7-7c4e-4c5c-99c9-d2cf8362f315,mason.exposed,available,22.49,22.49,high,low,5,namesilo,,,16/09/2026 12:59
27d5174a-24b3-4f13-9a6f-135843e311e8,capably.exposed,available,22.49,22.49,medium,low,7,namesilo,,,13/09/2026 16:22
f6df05f7-428c-4dec-a68f-8815f4f23eeb,there.exposed,available,18.41,18.41,high,low,5,dynadot,,,28/09/2026 12:57
00e25d7a-2d49-4a1e-9c2e-3c8275c591e0,abaxial.exposed,available,22.49,22.49,medium,low,7,namesilo,,,
52ced7a6-cfd4-4f7f-8bd2-90d251a67679,swaps.exposed,available,22.49,22.49,medium,low,5,namesilo,,,18/09/2026 22:39
70e0da99-9edb-4897-9163-9de5818a9b8c,jacobite.exposed,available,17.8,17.8,medium,low,8,spaceship,,,29/09/2026 01:23
f6fb4298-63ad-485c-afdf-4f06036b0218,surd.exposed,available,22.49,22.49,medium,low,4,namesilo,,,11/09/2026 03:41
170b555a-70f3-41f7-958e-0487d60eb462,hives.exposed,available,22.49,22.49,high,low,5,namesilo,,,01/10/2026 02:36
49177713-0e42-4e0b-bf85-a965fc3cc507,dorm.exposed,available,22.49,22.49,high,low,4,namesilo,,,24/09/2026 23:35
dacf2e29-93c9-4dd4-b1ac-257faeeab03e,alir.exposed,available,22.49,22.49,medium,low,4,namesilo,,,17/08/2026 22:11
12115559-2679-4ddc-9bcb-630acb980bb0,werner.exposed,available,22.98,28.98,high,low,6,namecheap,,,25/09/2026 21:47
f00026a5-6261-418f-bca9-80bcde917594,berm.exposed,available,22.49,22.49,medium,low,4,namesilo,,,23/09/2026 09:41
e4d14fa9-2bbe-47d5-944f-5dd4a8adaa63,automation.exposed,available,22.49,22.49,high,medium,10,namesilo,,,30/09/2026 07:35
77d151db-cede-4ec1-949d-fecdeb1d6ce6,vocation.exposed,available,22.98,28.98,high,low,8,namecheap,,,30/09/2026 16:34
334ff712-e8ba-4612-9e9d-362d931f5e3c,lugo.exposed,available,22.49,22.49,medium,low,4,namesilo,,,30/09/2026 13:46
969b03c0-4807-480a-9017-9cbecd28f0e4,humiliated.exposed,available,22.49,22.49,medium,low,10,namesilo,,,21/08/2026 15:03
dd53bc14-f764-45de-bff3-7472d9faa587,detestable.exposed,available,22.49,22.49,medium,low,10,namesilo,,,
f525f7f0-b22d-4230-a08f-10f87e60964b,argent.exposed,available,22.98,28.98,medium,low,6,namecheap,,,06/08/2026 17:51
0cd2b77e-6816-4d30-a018-7d767f6b7c38,showy.exposed,available,22.49,22.49,medium,low,5,namesilo,,,18/08/2026 06:20
0d6425dc-1305-4e6a-83f7-a06aab8252e4,daylong.exposed,available,25.99,27.99,medium,low,7,name.com,,,13/08/2026 18:51
3be04de0-aa4d-44e6-ae03-171de2a83a1e,notified.exposed,available,18.41,18.41,medium,low,8,dynadot,,,28/09/2026 05:08
c794bbfe-47f9-4426-bcf1-7fd8f01261fc,forbearing.exposed,available,22.49,22.49,medium,low,10,namesilo,,,18/08/2026 10:57
32ca55d6-594b-42f7-b642-e59dffd3fd5f,menominee.exposed,available,22.98,28.98,high,low,9,namecheap,,,30/09/2026 10:33
5d921af3-9a19-4622-b105-a8284925c091,top.exposed,premium,242,242,high,medium,3,namesilo,,,25/09/2026 19:45
9588eeba-67e7-41dc-b856-0278b83764c4,chalky.exposed,available,22.49,22.49,medium,low,6,namesilo,,,11/08/2026 13:39
ec411dee-5486-451f-a530-d72a85d4b358,betting.exposed,available,22.98,28.98,high,low,7,namecheap,,,09/08/2026 18:14
83a2db50-6a9a-47b1-abd0-225636edca21,gumptious.exposed,available,22.49,22.49,medium,low,9,namesilo,,,20/08/2026 20:57
62f6eb9d-d003-4986-ad94-56c94864f16a,lennon.exposed,available,17.8,17.8,high,low,6,spaceship,,,27/09/2026 14:28
75aa15e5-5b49-49a0-be95-80874b622f55,prolong.exposed,available,18.02,18.02,high,low,7,porkbun,,,30/09/2026 19:12
861c3bab-9116-4d63-91c5-a94f1d27bd23,spongy.exposed,available,22.49,22.49,medium,low,6,namesilo,,,10/09/2026 16:24
126bc2c0-0982-4725-93aa-9d532563ce57,treble.exposed,available,22.49,22.49,high,low,6,namesilo,,,14/08/2026 16:41
092df83f-9751-4f25-b8e7-72ee8ae98c97,nightmares.exposed,available,17.8,17.8,low,low,10,spaceship,,,29/09/2026 00:01
37bbc09c-6d62-4e48-97e2-2c70273aacf8,prolate.exposed,available,22.98,28.98,medium,low,7,namecheap,,,15/08/2026 18:52
a054cea0-bbe5-4049-abd8-5cb815b374b0,quechua.exposed,available,22.49,22.49,high,low,7,namesilo,,,22/08/2026 15:21
2d9fc383-ea68-474f-8028-2ed6adfc3c03,harriet.exposed,available,17.2,17.2,high,low,7,cloudflare,,,27/09/2026 22:29
b7a760e3-2c90-45e4-a42b-2eef1d942348,clogged.exposed,available,22.49,22.49,medium,low,7,namesilo,,,12/08/2026 06:41
e5462219-e74c-4ea6-930b-2dcb0c6a7452,antabuse.exposed,available,22.49,22.49,medium,low,8,namesilo,,,19/09/2026 12:24
427e9699-c448-440e-aecd-bddb1001b41f,actias.exposed,available,22.49,22.49,medium,low,6,namesilo,,,17/09/2026 04:29
a1170dc8-12b5-430e-a476-53fa71c21893,abjuration.exposed,available,22.49,22.49,medium,low,10,namesilo,,,16/09/2026 15:59
5a0d4e43-0394-4b1c-872a-10a7ac981b4e,kildare.exposed,available,22.98,28.98,medium,low,7,namecheap,,,29/09/2026 09:36
a7784eb8-00ce-4351-a86d-00d0c8e372bf,amylase.exposed,available,22.49,22.49,medium,low,7,namesilo,,,19/09/2026 00:30
2b2a62e7-1470-4a4a-810c-09c465fd6d24,belay.exposed,available,22.49,22.49,medium,low,5,namesilo,,,23/09/2026 04:34
cf1446a2-e67f-4540-a948-b9970c37c4e6,unburied.exposed,available,22.49,22.49,high,low,8,namesilo,,,12/09/2026 04:40
005bf2fa-445f-4639-8100-85cbde7d7dae,kingsbury.exposed,available,17.8,17.8,high,low,9,spaceship,,,29/09/2026 22:52
ab16ea0b-72c7-4246-8b3d-9664c6447c4b,scarface.exposed,available,18.41,18.41,medium,low,8,dynadot,,,28/09/2026 19:51
fa1a0781-218e-464c-97fc-60021a70492c,zaman.exposed,available,22.49,22.49,high,low,5,namesilo,,,18/09/2026 03:15
7cc9b592-232a-473e-9660-ff479088847d,leia.exposed,available,22.49,22.49,high,low,4,namesilo,,,
6b422719-5e98-4d20-98d4-7d792711f4f3,trafalgar.exposed,available,22.98,28.98,medium,low,9,namecheap,,,22/09/2026 16:10
e811dac0-9f7f-4b8b-9a6c-3fe66e83e788,headlights.exposed,available,37.99,37.99,medium,low,10,godaddy,,,01/10/2026 00:04
1e956233-9abd-4c00-8f6a-84898baea9b6,cadaverous.exposed,available,22.98,28.98,medium,low,10,namecheap,,,10/08/2026 18:51
20568439-3890-4d54-9687-af506347a894,pollock.exposed,available,17.8,17.8,high,low,7,spaceship,,,29/09/2026 13:11
5fd0a430-2470-4bff-8f9f-e96c8ba6b553,mohave.exposed,available,17.2,17.2,high,low,6,cloudflare,,,01/10/2026 03:01
dfb684ed-8991-4f8c-9885-fb6ff1aa18a0,daringly.exposed,available,22.49,22.49,medium,low,8,namesilo,,,14/09/2026 10:37
714b643d-939e-4992-9e5f-b23e15d1d6b6,grade.exposed,available,22.49,22.49,high,low,5,namesilo,,,23/08/2026 00:34
6706ccf8-0ed5-4028-b5da-67611c21558c,economical.exposed,available,22.98,28.98,high,low,10,namecheap,,,24/09/2026 13:25
eea91843-68ee-4218-8842-5a083766d55b,perky.exposed,available,22.49,22.49,high,low,5,namesilo,,,08/09/2026 17:33
da89d4e9-dcc8-41b9-9806-fd2616147ae9,nipper.exposed,available,22.49,22.49,medium,low,6,namesilo,,,25/08/2026 00:05
e2774f87-c106-40c2-b514-0ce61a56c197,agastache.exposed,available,22.98,28.98,medium,low,9,namecheap,,,17/09/2026 16:24
ce4612bf-7a6f-425b-9784-6c74183720b0,terrified.exposed,available,22.49,22.49,medium,low,9,namesilo,,,27/09/2026 02:38
9c3bd6a5-4bec-45ae-9e13-6dacd9c6a93e,deftness.exposed,available,22.49,22.49,high,low,8,namesilo,,,17/09/2026 07:43
e3660833-d40c-4746-bff4-f730105f5934,kandahar.exposed,available,22.49,22.49,medium,low,8,namesilo,,,01/10/2026 02:47
111c116c-f3e4-4cde-8354-cac58b0af141,johnny.exposed,available,22.49,22.49,high,low,6,namesilo,,,25/09/2026 06:45
088b0b9f-6039-479d-8574-b7d613fd4f73,bangui.exposed,available,22.49,22.49,medium,low,6,namesilo,,,22/09/2026 02:03
e9e3bcd8-c15d-4c32-ae01-08afae5792e6,forgets.exposed,available,22.49,22.49,medium,low,7,namesilo,,,30/09/2026 16:05
ead74fac-ac51-400f-85a2-bfe2282c0104,rodney.exposed,premium,128.7,128.7,high,low,6,namecheap,,,28/09/2026 03:52
a0f9a2e8-9b33-41a4-a399-98c9eacb0204,liaoning.exposed,available,17.8,17.8,medium,low,8,spaceship,,,30/09/2026 13:11
78bb9668-a681-4064-9ce5-631d4167a2d3,evidential.exposed,available,22.49,22.49,high,low,10,namesilo,,,17/08/2026 15:02
d8c8f71c-c90c-43f7-8aba-f5685bc340cf,balaclava.exposed,available,22.98,28.98,medium,low,9,namecheap,,,21/09/2026 20:27
cb533fc9-8c5a-4ce9-96f7-4674431c423d,grace.exposed,premium,128.7,128.7,high,medium,5,namecheap,,,24/09/2026 21:11
a8510910-0f49-4971-a274-77af6dbb6cf7,ovate.exposed,available,22.98,28.98,medium,low,5,namecheap,,,15/08/2026 18:03
20395d26-8232-491e-8d1f-900c99fc9aae,arafat.exposed,available,22.49,22.49,medium,low,6,namesilo,,,19/09/2026 23:42
89f81909-2ca1-4118-b48a-43064c432fa2,limitless.exposed,available,22.49,22.49,high,medium,9,namesilo,,,23/09/2026 01:44
131e9ba1-324b-43f5-bd31-556b299c0bf3,aneuploid.exposed,available,22.49,22.49,medium,low,9,namesilo,,,
702a4141-2f49-4dab-9a5e-df2accd9e2b1,conventionally.exposed,available,25.99,,medium,low,14,name.com,,,
1cebb5b0-d72d-423a-8d7d-ab0f6c037fd4,neritic.exposed,available,22.49,22.49,medium,low,7,namesilo,,,03/09/2026 15:41
b69981e5-2964-4e1b-8f80-b0f31620ffac,tract.exposed,available,22.49,22.49,high,low,5,namesilo,,,29/09/2026 07:41
04530183-f1eb-4e72-9cae-e618d7f65784,dumped.exposed,available,22.49,22.49,low,low,6,namesilo,,,27/09/2026 03:17
b53fc66e-704d-4500-9684-51dbc00b0bff,innovator.exposed,available,22.98,28.98,high,low,9,namecheap,,,28/09/2026 02:49
acfcc998-18c5-44a6-bf1c-0258b088219d,since.exposed,available,22.49,22.49,high,low,5,namesilo,,,30/09/2026 22:14
e2f2d71c-1f7f-4aa3-bb2a-4d9ffe9b8e41,defendant.exposed,available,22.49,22.49,medium,low,9,namesilo,,,27/09/2026 03:41
058754e5-8b45-417d-abd9-ad4ae5bde558,livelihood.exposed,available,17.8,17.8,high,low,10,spaceship,,,29/09/2026 00:16
5dc0b7a0-de68-4cf3-b36a-92c5f5f446fb,dorothy.exposed,available,22.98,28.98,medium,low,7,namecheap,,,25/09/2026 14:18
a9d3e39e-2238-4cda-a8f5-d7e79850d6c7,isd.exposed,available,22.49,22.49,high,low,3,namesilo,,,30/09/2026 15:03
c9cb24c6-94c9-47a9-963e-11790c3e5c3f,paris.exposed,premium,512,512,high,low,5,namesilo,,,24/09/2026 12:17
96551fc7-cb6a-44a8-bf6d-493bf4d5c23a,recess.exposed,available,22.98,28.98,medium,low,6,namecheap,,,28/09/2026 13:53
a9ca5add-a3fc-4e52-8714-e14bc1a43dc3,acceptance.exposed,available,22.98,28.98,high,low,10,namecheap,,,16/09/2026 22:01
8b3d5d7d-f885-4303-a648-5f33091e4332,camomile.exposed,available,22.49,22.49,medium,low,8,namesilo,,,19/09/2026 13:02
acca58a2-cbf4-413b-81dc-6e649ee60ad2,man.exposed,premium,118.8,118.8,high,low,3,namesilo,,,25/09/2026 06:28
5b72c8f2-4efd-4eda-b24b-3c54ca5dc195,deccan.exposed,available,18.41,18.41,medium,low,6,dynadot,,,29/09/2026 23:43
289fb1e1-5e5d-4fb0-9fe4-706012fc2a7c,defiled.exposed,available,22.49,22.49,medium,low,7,namesilo,,,13/08/2026 23:24
3660f03d-fd15-4958-9574-e00406c1231e,polemic.exposed,available,22.49,22.49,medium,low,7,namesilo,,,08/09/2026 22:51
6832fd68-c4e1-4cdd-8a4c-6f341abc3425,megabucks.exposed,available,22.49,22.49,high,low,9,namesilo,,,23/09/2026 14:11
159b4f39-d6d3-48d4-a6ce-d6eb2e047d6d,subatomic.exposed,available,22.49,22.49,medium,low,9,namesilo,,,10/09/2026 23:38
b66c2832-91f8-4ebb-af4d-cdd8c6c87265,kershaw.exposed,available,22.49,22.49,medium,low,7,namesilo,,,29/09/2026 22:25
1c9065c1-f6cb-42f1-ba43-6fe32aa621d3,journalists.exposed,available,17.8,17.8,medium,low,11,spaceship,,,29/09/2026 10:52
8b762fde-38bb-4024-8358-8e55da3f2aa3,biomedical.exposed,available,22.49,22.49,high,low,10,namesilo,,,10/08/2026 02:15
e02b3ddd-4a1b-4eba-8665-43155571ee82,living.exposed,premium,260,260,high,low,6,namecheap,,,25/09/2026 14:05
9929a1f8-9ac6-4732-ba6a-ca6563056824,cliff.exposed,available,22.98,28.98,high,low,5,namecheap,,,24/09/2026 15:37
9828971b-c1b4-4d24-88ec-2f788e0df185,coffeecakes.exposed,available,22.49,22.49,medium,low,11,namesilo,,,21/09/2026 00:59
cd1384f4-6372-4c11-b9dc-1a6ae109790c,unnerved.exposed,available,22.49,22.49,medium,low,8,namesilo,,,12/09/2026 15:54
33738254-75e7-4dc9-a20b-e89d31d86bc9,maturely.exposed,available,22.49,22.49,medium,low,8,namesilo,,,15/09/2026 13:40
a6643e3b-b6da-49c1-852d-f9ab10fcba64,streaky.exposed,available,22.49,22.49,medium,low,7,namesilo,,,10/09/2026 22:22
8c98450d-c6f7-43ab-ad96-ddddf7ebfbd8,bandung.exposed,premium,118.8,118.8,medium,low,7,namesilo,,,22/09/2026 01:32
eaa5a045-18e7-4f7c-810b-c8454b4a2a0a,thrilling.exposed,available,22.49,22.49,high,low,9,namesilo,,,16/08/2026 02:41
275f661f-d944-4134-a0ef-070558ecc5c0,groggy.exposed,available,22.49,22.49,medium,low,6,namesilo,,,18/08/2026 09:53
74d12f11-008b-492e-bf3e-f9a919869327,diploma.exposed,available,22.49,22.49,high,low,7,namesilo,,,29/09/2026 15:03
73c1efd8-d469-45c1-a69c-ab114cabce31,visionary.exposed,available,22.49,22.49,high,low,9,namesilo,,,13/09/2026 06:13
e63af27b-94fe-4529-9c74-a6dfa6863292,catalan.exposed,premium,23.6,23.6,high,low,7,namesilo,,,11/08/2026 20:50
185a06a3-7c5d-4d5b-aa2e-3d9d73850c0a,spurs.exposed,available,22.49,22.49,high,low,5,namesilo,,,29/09/2026 09:52
e1f26208-f101-41eb-ba1b-03a1aee26f76,rent.exposed,premium,512,512,high,low,4,namesilo,,,24/09/2026 13:47
86de28f7-d298-4a25-a750-c4ac25d1065c,lobster.exposed,available,22.49,22.49,high,low,7,namesilo,,,28/09/2026 06:11
136ee31b-4dcf-484e-a502-523799763354,possession.exposed,available,22.98,28.98,high,low,10,namecheap,,,30/09/2026 05:10
ddf026ae-bb7a-4ad9-9d7d-99274bf08483,vulvar.exposed,available,22.49,22.49,medium,low,6,namesilo,,,13/09/2026 07:29
a4553553-fb20-494b-a97e-695e4d862d79,bozeman.exposed,available,22.98,28.98,medium,low,7,namecheap,,,30/09/2026 00:51
63a2675d-39fa-4145-b7c0-e95de9a6ea81,gatherer.exposed,available,22.49,22.49,medium,low,8,namesilo,,,16/09/2026 23:20
3d9795ff-1894-4d3a-b37a-d39a8226a16b,accurately.exposed,available,22.49,22.49,high,low,10,namesilo,,,28/09/2026 11:42
6eca2e5e-c4aa-4ebd-b9c2-9a30f230b73e,midday.exposed,available,22.49,22.49,high,low,6,namesilo,,,29/09/2026 22:44
a99cec30-b0d6-46ec-b27a-f2551fa184ab,disappearance.exposed,available,18.41,18.41,medium,low,13,dynadot,,,28/09/2026 04:24
d55b1ccb-6a2e-42f7-b0bd-adebc37aafc2,fathomable.exposed,available,22.49,22.49,medium,low,10,namesilo,,,17/08/2026 23:40
be463d9e-5c19-4172-8905-0543b7d3101b,cba.exposed,available,22.49,22.49,high,low,3,namesilo,,,28/09/2026 21:48
53c146dd-7b2b-426a-a4e4-ed103a1ee77c,tuning.exposed,available,18.02,18.02,high,low,6,porkbun,,,29/09/2026 08:16
01060842-f354-4d58-9b0d-acde930eedba,pours.exposed,available,22.49,22.49,medium,low,5,namesilo,,,18/09/2026 07:35
d6463623-d009-42fc-af5a-75ee18344d72,receptionist.exposed,available,22.49,22.49,high,low,12,namesilo,,,30/09/2026 12:16
89b256aa-a155-4314-a4fb-ea8ea8f8fa04,desmond.exposed,available,22.98,28.98,high,low,7,namecheap,,,26/09/2026 03:14
7df32d34-2ba5-4feb-8cd7-662a163701e6,luce.exposed,available,17.8,17.8,high,low,4,spaceship,,,30/09/2026 09:11
27803c2a-8212-4706-a85f-b708b7ede612,worded.exposed,available,22.98,28.98,medium,low,6,namecheap,,,20/09/2026 15:04
14ff1c99-d9da-4637-99b4-c5cff7fde6b7,chang.exposed,available,22.49,22.49,high,medium,5,namesilo,,,28/09/2026 09:21
1949132b-b2a2-4706-bd25-366f238c5f99,barnburner.exposed,available,22.49,22.49,medium,low,10,namesilo,,,22/09/2026 06:49
90f71bf9-c1c6-45cb-b629-20b8dc0e99dc,gloomy.exposed,available,22.49,22.49,medium,low,6,namesilo,,,14/08/2026 11:40
35494c81-0a17-46e4-87cd-8a6edbabccbf,leggy.exposed,available,22.49,22.49,medium,low,5,namesilo,,,22/08/2026 22:57
8d4f3f55-a7d7-4b52-818c-acbdb7f6b188,seven.exposed,premium,23.6,23.6,high,medium,5,namesilo,,,
b73abfab-d04a-46a2-8b23-d4e45cddd0c3,postural.exposed,available,22.49,22.49,medium,low,8,namesilo,,,09/09/2026 00:40
ffa2d136-5b9b-45d1-bd2a-24b9b738619e,requests.exposed,available,22.98,28.98,medium,low,8,namecheap,,,17/09/2026 17:07
7c1cf19c-6363-4494-8a49-00f00817fe8a,plaintiffs.exposed,available,22.49,22.49,medium,low,10,namesilo,,,01/10/2026 00:55
82402b9e-bd5c-4705-9b75-526009b3f326,tubal.exposed,available,22.98,28.98,medium,low,5,namecheap,,,11/09/2026 20:53
21889212-d966-4cf9-b8ea-8ea4049ea964,flavors.exposed,available,22.98,28.98,medium,low,7,namecheap,,,30/09/2026 15:58
492d41b7-6f6b-462b-a02c-9efec170e3ef,petulant.exposed,available,22.49,22.49,medium,low,8,namesilo,,,22/08/2026 10:27
cb5e183f-234a-4cec-ba70-a222e6a97d44,pants.exposed,available,22.49,22.49,high,low,5,namesilo,,,24/09/2026 06:17
4b06c96e-c6ce-47d8-a060-278eddd4b003,supplying.exposed,available,18.41,18.41,high,low,9,dynadot,,,30/09/2026 11:07
7cd74bd5-9ad1-4125-abf8-948dc857d51b,bilateral.exposed,available,22.98,28.98,high,low,9,namecheap,,,09/08/2026 21:14
a76c4883-41d7-4c3a-9343-50d4235935b0,silvertip.exposed,available,22.49,22.49,medium,low,9,namesilo,,,20/08/2026 20:13
612379bc-81ed-46bd-8897-f8d47af16cca,napped.exposed,available,22.49,22.49,medium,low,6,namesilo,,,18/08/2026 07:44
3fd630d1-5dd4-4030-b9da-e5e4dbacabc8,speeding.exposed,available,22.49,22.49,high,low,8,namesilo,,,25/09/2026 06:47
d06f8a56-07fb-4203-8ab4-f435f03b2ad7,stentorian.exposed,available,22.98,28.98,medium,low,10,namecheap,,,10/09/2026 20:07
851a68b0-e11c-42af-9a74-665a6579385f,rebirth.exposed,available,17.8,17.8,high,low,7,spaceship,,,30/09/2026 02:16
52ee14ba-2ec4-4115-8f21-a8d4b2e60a82,flooring.exposed,available,22.98,28.98,high,low,8,namecheap,,,29/09/2026 19:34
df0d3ed0-0c6f-41c2-86d2-f502237d3f33,linnaean.exposed,available,22.49,22.49,medium,low,8,namesilo,,,23/08/2026 16:38
6edc12db-5a1f-4a72-b222-ea4215e25ba4,burping.exposed,available,22.49,22.49,medium,low,7,namesilo,,,23/09/2026 04:38
b3888b09-0412-4d32-a32f-3aaf9647c46d,grey.exposed,available,22.49,22.49,high,low,4,namesilo,,,08/09/2026 07:08
fcfebdc5-47b2-4404-9006-c4c2318a5099,barb.exposed,available,22.98,28.98,high,low,4,namecheap,,,22/09/2026 04:14
8abc73e6-c834-4f83-b1a0-1214f861f261,spinous.exposed,available,22.49,22.49,medium,low,7,namesilo,,,
a61869fe-50a4-4b02-9b72-29dbb2a50006,primitive.exposed,available,22.49,22.49,high,low,9,namesilo,,,27/09/2026 05:47
71855cbb-178b-4aeb-9a9e-452d57a5df5b,doctorate.exposed,available,22.49,22.49,high,low,9,namesilo,,,30/09/2026 17:00
eb952a5f-c3c3-4141-bb52-0a6eb72ad598,allergen.exposed,available,22.49,22.49,high,low,8,namesilo,,,18/09/2026 10:53
5bf8a0d8-bf9d-47f3-a4fc-4bdd0761a438,npc.exposed,available,17.8,17.8,high,medium,3,spaceship,,,29/09/2026 13:34
80b3fdf5-9d6f-46c3-8e99-3f7b5c608a61,jupiter.exposed,available,22.49,22.49,high,low,7,namesilo,,,30/09/2026 00:59
28ad4f2c-8fa6-44cd-9969-35943a4e2909,input.exposed,available,22.49,22.49,high,low,5,namesilo,,,19/09/2026 11:49
86d96ec1-ac26-4c50-8e29-5a5983f30a0e,salazar.exposed,available,17.2,17.2,medium,low,7,cloudflare,,,28/09/2026 12:15
6cda39ae-be64-408b-a8e1-21eed88f07de,equid.exposed,available,22.49,22.49,medium,low,5,namesilo,,,17/08/2026 11:47
79680af2-4d70-43c4-b0c0-73ab465377f5,lakeview.exposed,available,18.02,18.02,medium,low,8,porkbun,,,30/09/2026 14:05
4825871d-dc29-4dd6-ab44-d420ccfd5cf7,civilian.exposed,available,22.49,22.49,high,low,8,namesilo,,,12/08/2026 09:04
b31608e0-70da-4ecd-981b-34c7646526b3,recessed.exposed,available,22.49,22.49,medium,low,8,namesilo,,,13/08/2026 22:57
504aa758-a238-48bd-b406-ba29d707a99e,museums.exposed,available,17.8,17.8,medium,low,7,spaceship,,,29/09/2026 11:30
9bf09906-1261-4ff3-aa1f-261ee8fa39c9,meth.exposed,available,22.49,22.49,high,low,4,namesilo,,,24/09/2026 21:56
22ae34ba-b8fb-4a8d-8054-d62e73f38058,pahlavi.exposed,available,18.41,18.41,high,low,7,dynadot,,,01/10/2026 03:01
c8298ca0-823f-4ec2-b76d-db71ff1dcafa,qing.exposed,available,17.8,17.8,high,low,4,spaceship,,,27/09/2026 12:26
36d68220-43b0-4030-96d9-5710372cd29b,unlit.exposed,available,22.49,22.49,medium,low,5,namesilo,,,12/09/2026 13:03
02b6f109-419d-4ac5-a37e-b3d03ef05d8d,upstate.exposed,available,22.49,22.49,high,low,7,namesilo,,,16/09/2026 10:25
5c2c5a78-5249-4122-b050-7b77f522ee02,tower.exposed,available,17.8,17.8,high,low,5,spaceship,,,29/09/2026 23:19
7266e839-391d-4b7d-8d8f-bac5cd974f53,guerrero.exposed,premium,20.9,20.9,high,low,8,spaceship,,,28/09/2026 04:07
9986c5d0-fca9-47f0-bda4-0dcdc91fe060,mesmerized.exposed,available,22.49,22.49,high,low,10,namesilo,,,17/08/2026 22:50
28b0d012-997d-4377-b234-1bcf8bfa43aa,footer.exposed,available,22.49,22.49,high,low,6,namesilo,,,08/09/2026 12:38
d167c5de-5386-49e4-9334-0f527eee14d4,kweek.exposed,available,22.98,28.98,medium,low,5,namecheap,,,21/09/2026 18:35
77553dd1-0c94-4655-b8db-7d6ed4b19a1f,stimulating.exposed,available,17.8,17.8,medium,low,11,spaceship,,,28/09/2026 21:23
0647f1c7-a8f4-480b-8403-9012675057ee,conjunction.exposed,available,22.49,22.49,high,low,11,namesilo,,,
a1506962-4800-44f7-b826-c7af032b1a6c,accelerate.exposed,available,17.8,17.8,high,low,10,spaceship,,,29/09/2026 02:40
0fa27978-6000-4135-9c3b-4171d0280773,piggyback.exposed,available,22.49,22.49,high,low,9,namesilo,,,15/09/2026 19:45
8799b9c0-c170-4d92-87a3-46752e0d628e,refractive.exposed,available,22.49,22.49,medium,low,10,namesilo,,,13/08/2026 23:32
204c91fc-29e1-45ef-a05c-fd204adf46b3,dune.exposed,available,22.98,28.98,high,low,4,namecheap,,,30/09/2026 17:05
68f94fa4-7037-4456-bce6-3e30bd419159,galley.exposed,available,17.2,17.2,medium,low,6,cloudflare,,,01/10/2026 01:14
271b5349-ebe6-41ee-b1af-9081149756b4,disorganized.exposed,available,22.49,22.49,medium,low,12,namesilo,,,
49b64305-508b-4997-919e-e063ce1d4e2a,ombu.exposed,available,22.49,22.49,medium,low,4,namesilo,,,23/09/2026 05:53
712e094f-feee-4c80-862f-cb663df2ad4a,examining.exposed,available,22.49,22.49,high,low,9,namesilo,,,29/09/2026 08:41
c5fce3b2-e578-4743-81b9-b9f1af7c0b26,awheel.exposed,available,22.49,22.49,medium,low,6,namesilo,,,08/08/2026 01:05
4e0395a2-57e0-477d-9069-8359cc7e9021,cottony.exposed,available,22.49,22.49,medium,low,7,namesilo,,,13/08/2026 03:26
52d96c14-ea60-4150-81d6-c9a86aedac1a,adenium.exposed,available,22.49,22.49,medium,low,7,namesilo,,,17/09/2026 07:28
3c6a410b-0500-4f14-9451-41457112de7c,approve.exposed,available,22.49,22.49,high,low,7,namesilo,,,03/09/2026 23:23
07cbdccd-260e-47b9-a28d-369248a185ed,bailee.exposed,available,22.98,28.98,medium,low,6,namecheap,,,21/09/2026 19:04
74308c59-5837-461b-9563-ea52d213c74a,irwin.exposed,available,22.98,28.98,medium,low,5,namecheap,,,25/09/2026 20:02
c3c8e153-b1ea-478d-b537-48abebce8f2e,unrealised.exposed,available,22.49,22.49,medium,low,10,namesilo,,,12/09/2026 11:02
d528567a-4b89-436a-a2b3-d43a9455c55b,headline.exposed,available,22.49,22.49,high,low,8,namesilo,,,29/09/2026 22:23
071deb12-777a-4f82-b0b7-7138d7998684,whitney.exposed,available,17.8,17.8,medium,low,7,spaceship,,,28/09/2026 13:59
6efc2f1b-7bda-405f-884a-c4a4759e3bca,regular.exposed,available,17.8,17.8,high,low,7,spaceship,,,27/09/2026 11:38
a8dca357-5e34-4163-afb5-0cf7bdcf2dbe,gillette.exposed,available,17.8,17.8,high,low,8,spaceship,,,28/09/2026 05:50
8525f377-a87e-462d-9a9b-f9284cabce66,stride.exposed,available,22.49,22.49,high,low,6,namesilo,,,29/09/2026 08:09
5af3bee1-e1d2-4646-a86c-7141e7e8c78f,bruges.exposed,available,22.49,22.49,medium,low,6,namesilo,,,29/09/2026 06:10
9083a508-4128-43f1-be20-cb5695346b74,farmstand.exposed,available,22.49,22.49,medium,low,10,namesilo,,,
164dd2a9-e62c-4e01-af9e-7fed13b7a4e5,plasmas.exposed,available,22.49,22.49,medium,low,7,namesilo,,,30/09/2026 15:59
c8f544fe-6bd1-4be5-8029-348d4f8ab232,blanche.exposed,available,22.49,22.49,medium,low,7,namesilo,,,26/09/2026 03:36
aa8602ad-1104-43d9-943b-86b6a1ea1326,mindful.exposed,available,22.49,22.49,high,low,7,namesilo,,,24/08/2026 23:36
96ac39da-83fa-439d-9443-17072529825e,adoptive.exposed,available,22.49,22.49,high,low,8,namesilo,,,
5c02867f-702f-49ab-b76c-dac7e3330a90,segmented.exposed,available,22.49,22.49,medium,low,9,namesilo,,,24/08/2026 21:43
0209a638-425b-48ad-9b4e-8e3a50d91670,ashkenazi.exposed,available,22.98,28.98,medium,low,9,namecheap,,,20/09/2026 13:54
3bf3b697-cc27-4fff-aafd-293e1a908782,willfully.exposed,available,22.49,22.49,medium,low,9,namesilo,,,16/09/2026 11:30
3447b0d0-8f67-48b1-80e7-f662509a1f1c,henbane.exposed,available,22.98,28.98,medium,low,7,namecheap,,,24/09/2026 00:54
9c88ca1a-cbd9-4fec-9cc6-0e97a5e6dadb,optimism.exposed,available,22.49,22.49,high,low,8,namesilo,,,29/09/2026 07:46
b32c8e7d-1689-401c-b0c8-ebf69a920c7c,backless.exposed,available,22.49,22.49,medium,low,8,namesilo,,,08/08/2026 05:48
3bc3b88a-021f-4fd0-b92c-cd448ba7be30,hypaethral.exposed,available,22.49,22.49,medium,low,10,namesilo,,,21/08/2026 16:39
4bb343d8-08eb-48fc-b32f-1b564fc799d1,titles.exposed,available,22.49,22.49,medium,low,6,namesilo,,,18/09/2026 13:24
8720b17d-955d-42bf-aa83-8dd8373424b8,rarefied.exposed,available,22.49,22.49,medium,low,8,namesilo,,,17/08/2026 15:44
315d9ef2-b8cf-4df0-91fa-9f180c5be174,allocation.exposed,available,22.49,22.49,high,low,10,namesilo,,,18/09/2026 11:47
0a6412bf-9c1a-47e0-bada-b0917cf858f4,cannes.exposed,available,22.49,22.49,high,low,6,namesilo,,,24/09/2026 12:04
e2e5fdf1-2750-4a06-9b35-e47f6900d8ff,colleges.exposed,available,18.02,18.02,medium,low,8,porkbun,,,29/09/2026 05:34
cd96a3ea-3847-41ba-8d31-c55542be6b6f,mackay.exposed,available,22.49,22.49,medium,low,6,namesilo,,,25/09/2026 16:20
98b927a4-c69b-48c7-b04b-4fc6106edcd4,massacre.exposed,available,17.2,17.2,medium,low,8,cloudflare,,,28/09/2026 18:34
1d65efa6-c9f4-49d2-bcd3-7c7ff8c0b23d,sue.exposed,premium,22,22,high,low,3,dynadot,,,28/09/2026 18:04
02db9843-2514-4ac8-8f51-8a22a2607337,endurable.exposed,available,22.49,22.49,medium,low,9,namesilo,,,09/08/2026 04:33
c0b2a499-b023-4441-b00c-c7ef145df406,seismic.exposed,available,22.49,22.49,high,low,7,namesilo,,,10/09/2026 01:52
91af46fc-c6f0-488f-a8c6-901b9d621f8e,kramer.exposed,available,22.49,22.49,high,low,6,namesilo,,,25/09/2026 11:57
96edf006-ca75-46ee-b63b-1f361402a069,kale.exposed,available,22.49,22.49,high,low,4,namesilo,,,24/09/2026 06:48
578767fd-4169-424f-ae3f-790d7f6b6adb,pulmonary.exposed,available,22.49,22.49,high,low,9,namesilo,,,09/09/2026 05:54
de34c3d2-b7c9-4c7a-ad83-4ca44c075088,forties.exposed,available,22.49,22.49,medium,low,7,namesilo,,,16/09/2026 12:06
1e776812-c47d-4843-98cf-1de14469468d,mushy.exposed,available,22.49,22.49,medium,low,5,namesilo,,,09/08/2026 00:58
b66e20f0-16a7-4ae1-8873-aed8a9b6950e,bonding.exposed,available,22.98,28.98,high,low,7,namecheap,,,28/09/2026 09:11
e870bc3b-ee3e-42f1-ad92-c5987e16b511,soon.exposed,available,22.49,22.49,high,low,4,namesilo,,,28/09/2026 13:25
97455685-2188-452d-a1db-e7fd233c9f69,video.exposed,premium,512,512,high,medium,5,namesilo,,,30/09/2026 02:58
7b29730e-7154-4fd6-af9d-9dfa9a913856,annals.exposed,available,22.98,28.98,high,low,6,namecheap,,,19/09/2026 10:05
1fec37f4-f594-45f0-b581-6c50549e0271,pornographic.exposed,available,17.2,17.2,medium,low,12,cloudflare,,,29/09/2026 20:53
91491382-c184-494b-be24-a58a4ddc37a7,garden.exposed,premium,207.2,207.2,high,low,6,spaceship,,,30/09/2026 18:30
30260744-22ed-48ea-a9bc-7a86dcad9ee5,hurried.exposed,available,22.49,22.49,medium,low,7,namesilo,,,21/08/2026 15:45
6250f7d9-0b7a-4ace-a5c5-63709eaea063,indicate.exposed,available,22.49,22.49,high,low,8,namesilo,,,27/09/2026 05:02
aa556b50-97ce-4462-9a6b-1f3054b7f436,holotype.exposed,available,22.49,22.49,high,low,8,namesilo,,,25/09/2026 23:08
6de79487-73dd-4305-8dbd-cca33b499b8b,roof.exposed,available,17.8,17.8,high,low,4,spaceship,,,30/09/2026 10:21
f4c5cd40-f98d-4960-a0a5-a5524724b4ee,complicate.exposed,available,22.49,22.49,high,low,10,namesilo,,,08/09/2026 14:25
1c921c62-e24c-4094-8213-23f8119264aa,rockwell.exposed,available,22.49,22.49,high,low,8,namesilo,,,27/09/2026 04:54
6e2296f0-1f75-4ec7-bcbe-95919a0dc6e5,latitude.exposed,available,17.8,17.8,high,low,8,spaceship,,,30/09/2026 02:08
a22f0c9c-3c9d-4ef9-9a23-19a369d04fec,scott.exposed,available,22.49,22.49,high,medium,5,namesilo,,,25/09/2026 05:00
1be97e5b-3236-4bbc-95aa-673ee1efcb80,cozy.exposed,available,22.49,22.49,high,low,4,namesilo,,,24/09/2026 00:21
d73cde81-8c95-4e84-b179-f2385cb4c370,evanescent.exposed,available,22.49,22.49,medium,low,10,namesilo,,,17/08/2026 14:37
069f92a3-b282-44fe-a486-4f9229548454,propellent.exposed,available,22.49,22.49,medium,low,10,namesilo,,,09/09/2026 03:28
7f0b4db5-b0ee-4a9c-8094-825729dbe33e,bivouac.exposed,available,22.49,22.49,medium,low,7,namesilo,,,11/08/2026 15:54
448f0685-cda5-4971-b21c-647fcca5b190,backflow.exposed,available,22.49,22.49,high,low,8,namesilo,,,21/09/2026 15:32
66a1d9a6-c87a-4e33-9336-44bfe1f1c0b2,rivalry.exposed,available,17.2,17.2,high,low,7,cloudflare,,,29/09/2026 20:12
d1bcd260-ae7a-4569-844e-ba091282456f,mie.exposed,available,17.2,17.2,medium,low,3,cloudflare,,,30/09/2026 13:22
bb25acdf-89ef-49f0-b4bc-c36e37c2c550,screeching.exposed,available,22.49,22.49,medium,low,10,namesilo,,,09/09/2026 23:59
8c5e6a82-bee9-46b4-91f0-82d6f29d0043,slipping.exposed,available,22.49,22.49,medium,low,8,namesilo,,,10/09/2026 11:05
adb4a99b-ced6-4b04-ac7e-0d93ad41f364,cocaine.exposed,available,22.49,22.49,high,low,7,namesilo,,,27/09/2026 12:35
59180b7f-2ab7-41a6-a938-68bf63d4668b,vacant.exposed,available,22.49,22.49,medium,low,6,namesilo,,,13/09/2026 00:38
bf74b720-de97-4950-84d4-d03d40e98dd3,entrance.exposed,available,22.49,22.49,high,low,8,namesilo,,,22/08/2026 01:46
9cc35fc0-4056-40d3-99eb-7957ff42e8de,dispatched.exposed,available,17.2,17.2,medium,low,10,cloudflare,,,29/09/2026 17:05
153e09ad-de4b-4c1a-be25-ffb27614f442,anzac.exposed,available,25.99,27.99,medium,low,5,name.com,,,19/09/2026 16:00
93ed2d91-a3ff-4188-9393-f8f74ed346df,spillover.exposed,available,22.98,28.98,medium,low,10,namecheap,,,16/09/2026 17:36
b2b5b368-a2a8-4348-90a7-253e3e2e378e,fulfilled.exposed,available,22.98,28.98,high,low,9,namecheap,,,18/08/2026 17:51
a720dba0-62cb-4279-aa67-b623f6b435e3,motherhood.exposed,available,17.8,17.8,high,low,10,spaceship,,,29/09/2026 19:42
8ecacd48-0b06-4753-8389-2484313f803a,gain.exposed,available,22.49,22.49,high,low,4,namesilo,,,23/09/2026 07:57
22ee620a-737a-4cee-acbc-79f28c851399,empire.exposed,available,22.49,22.49,high,medium,6,namesilo,,,25/09/2026 05:34
80cbef14-6662-4751-84b7-0ecb0c1af7f4,gorki.exposed,available,22.49,22.49,medium,low,5,namesilo,,,18/09/2026 05:08
eec382eb-0937-4f79-8f91-c388c30ff3ce,what.exposed,available,22.49,22.49,high,medium,4,namesilo,,,30/09/2026 22:04
5d8579cf-f8a2-46c9-9a55-abc5312f0d75,shields.exposed,available,18.41,18.41,medium,low,7,dynadot,,,28/09/2026 08:03
3cfab311-2014-4edc-984b-8d6aac208fdd,donna.exposed,available,17.8,17.8,high,low,5,spaceship,,,01/10/2026 01:47
ac9f232d-01b0-49aa-ba97-f4d51ac234a0,spaulding.exposed,available,17.8,17.8,high,low,9,spaceship,,,29/09/2026 11:11
bc6fcca3-f37f-4e21-9485-71a9c188c70e,unclear.exposed,available,22.98,28.98,high,low,7,namecheap,,,21/08/2026 19:00
607ce5f8-d63e-4777-84e4-0286db1564eb,stewart.exposed,premium,26,26,high,low,7,namecheap,,,29/09/2026 17:05
5d4c71d9-6908-4182-8e77-984758fac0b2,slice.exposed,available,17.8,17.8,high,low,5,spaceship,,,27/09/2026 13:29
1a4a6835-6f10-4233-98a8-5899dc27c2ee,upcountry.exposed,available,22.49,22.49,medium,low,9,namesilo,,,24/08/2026 22:37
1f4dd38f-8b3c-482e-9d91-f0a7fa53e27c,reversed.exposed,available,22.49,22.49,high,low,8,namesilo,,,27/09/2026 14:11
7d7c880b-38b6-4f49-a797-c95f3518b513,nineteen.exposed,available,22.49,22.49,high,low,8,namesilo,,,21/09/2026 12:05
4356bc94-bfb0-4533-bab1-a8729c5edaee,har.exposed,available,18.02,18.02,high,low,3,porkbun,,,29/09/2026 03:11
86f24d43-2fce-433a-a3d9-62ed14a890e8,meditative.exposed,available,22.49,22.49,high,low,10,namesilo,,,11/08/2026 05:56
e8c3a261-0472-491d-8c8a-f6c7fba93f75,production.exposed,available,22.98,28.98,high,low,10,namecheap,,,19/09/2026 18:56
14546d67-e460-4539-b7e5-66547db9630e,cardinal.exposed,available,22.98,28.98,high,low,8,namecheap,,,11/08/2026 18:54
4b8a5938-a236-4523-899d-3583232e1845,staunch.exposed,available,22.98,28.98,high,low,7,namecheap,,,10/09/2026 19:22
640b2863-1bd9-49fb-ad9e-880f6903ee54,puppet.exposed,available,37.99,37.99,high,low,6,godaddy,,,28/09/2026 02:20
f70b44d4-d925-4fe6-a885-e25d85f2d573,armiger.exposed,available,22.49,22.49,medium,low,7,namesilo,,,20/09/2026 06:59
b1fa0efe-340e-4819-b3d0-7797aaf6f5c9,puebla.exposed,premium,34.36,34.36,medium,low,6,spaceship,,,28/09/2026 10:03
8c51e722-7326-46ce-994b-f108a381e87f,banian.exposed,available,22.49,22.49,medium,low,6,namesilo,,,22/09/2026 02:05
d1bc53cd-68bd-4bd3-bfce-6639499b7067,quatern.exposed,available,22.49,22.49,medium,low,7,namesilo,,,
c79d775d-87a7-4bea-8fdb-ea55c2bde0bd,insofar.exposed,available,22.49,22.49,medium,low,7,namesilo,,,15/09/2026 06:43
ba681a0e-7ccb-4761-92b8-120c71ec5e6a,litigious.exposed,available,22.98,28.98,medium,low,9,namecheap,,,12/08/2026 18:31
73ff3253-d1f0-4526-ab7a-5015a72ecfb2,benefice.exposed,available,22.98,28.98,high,low,8,namecheap,,,23/09/2026 07:54
de295888-dd25-4b27-969d-19a9799bcf70,capsular.exposed,available,22.49,22.49,medium,low,8,namesilo,,,08/09/2026 04:10
2d0f7dd4-8e74-46ae-830d-0f8c36fc9303,unfree.exposed,available,22.49,22.49,medium,low,6,namesilo,,,12/09/2026 10:43
a33bcf63-1d1e-484d-bf3a-f7a16fa1172c,exquisite.exposed,available,22.98,28.98,high,low,9,namecheap,,,17/08/2026 18:54
062beab4-b9f5-4cb8-b5c3-728bf3cca425,blacktop.exposed,available,22.49,22.49,medium,low,8,namesilo,,,24/09/2026 03:24
473fd8b9-8d4e-4781-b3bf-30c3e6f866ba,necked.exposed,available,22.49,22.49,medium,low,6,namesilo,,,03/09/2026 14:40
1bc1cc51-7167-48c3-91ea-ff5af42122f1,arbitrarily.exposed,available,25.99,,medium,low,11,name.com,,,
59986774-a9da-4bfa-b8a7-3ad8d32874c4,gerald.exposed,available,18.41,18.41,high,low,6,dynadot,,,28/09/2026 13:18
86ef8d6b-34ae-4553-8b75-13c4285c1f08,aroma.exposed,available,22.49,22.49,high,low,5,namesilo,,,20/09/2026 08:25
44d11602-6c48-4eb2-aeef-2d156d710cc0,oklahoman.exposed,available,22.49,22.49,medium,low,9,namesilo,,,16/09/2026 05:05
f1883efd-ea45-4980-90f9-de8695827fa2,phone.exposed,premium,218.8,437.19,high,low,5,porkbun,,,29/09/2026 17:28
53965b73-ca78-4cb1-864b-ae204ab85ea8,amun.exposed,available,22.98,28.98,medium,low,4,namecheap,,,18/09/2026 18:29
7c00e858-ff8e-4136-8a96-b31c53f90b86,barber.exposed,available,17.8,17.8,high,low,6,spaceship,,,29/09/2026 01:08
88352627-981a-48fe-ac1b-c51f447f8a3b,surfer.exposed,available,17.8,17.8,high,low,6,spaceship,,,30/09/2026 12:34
c288cd02-bdd8-403a-acb1-75cba248fb8c,juanita.exposed,available,18.02,18.02,medium,low,7,porkbun,,,30/09/2026 04:54
0ab3b8d5-2840-4c6c-a31b-f9d0fd3004ba,ibn.exposed,available,25.99,27.99,medium,low,3,name.com,,,25/09/2026 21:32
ff9b6dde-d393-42f1-b1bc-56640ab9f66b,contests.exposed,available,17.8,17.8,medium,low,8,spaceship,,,30/09/2026 00:34
57b62b27-6d3a-4a70-a89b-c4ebf0ad9124,norwood.exposed,available,22.49,22.49,high,low,7,namesilo,,,25/09/2026 16:11
87cd5b21-e36b-4dd4-bea3-536994b4bc78,crudely.exposed,available,22.98,28.98,medium,low,7,namecheap,,,13/09/2026 20:58
539c7592-c08a-4904-91d1-b8aa3f1f27aa,gingerly.exposed,available,22.49,22.49,medium,low,8,namesilo,,,18/08/2026 23:55
1ee902f8-9922-4346-b926-d11b0e39453d,oxalis.exposed,available,22.49,22.49,medium,low,6,namesilo,,,10/09/2026 14:35
6e606418-ee63-48e4-a1e0-3b3dcfc03f1d,tokyo.exposed,premium,242,242,high,low,5,namesilo,,,24/09/2026 12:18
af5b0181-09fb-4da3-9d5e-2c7e5a8c48a6,formally.exposed,available,22.49,22.49,medium,low,8,namesilo,,,14/09/2026 19:42
9063afad-2618-4c15-a61b-74668e24ebb5,maguey.exposed,available,22.49,22.49,medium,low,6,namesilo,,,17/09/2026 16:37
8b9ada6c-9980-4f8e-bde1-16876e6ad86a,wander.exposed,available,37.99,37.99,high,low,6,godaddy,,,28/09/2026 01:37
16dff07f-b52e-476b-939a-bc5cfaef06e8,qian.exposed,available,22.49,22.49,high,low,4,namesilo,,,29/09/2026 10:05
c0dd0797-57fa-4e7e-9f9e-11463b232a22,ecm.exposed,available,17.8,17.8,high,low,3,spaceship,,,29/09/2026 06:42
29683eac-23e5-43bb-87ee-20ed6f0e9051,picasso.exposed,available,17.8,17.8,high,low,7,spaceship,,,28/09/2026 20:04
68196c8f-64fd-4e33-9d57-1154395ad4e5,wards.exposed,available,17.2,17.2,medium,low,5,cloudflare,,,30/09/2026 06:54
feef6dcb-3d20-40aa-a036-0c338242eb2b,flu.exposed,premium,23.6,23.6,high,low,3,namesilo,,,29/09/2026 19:35
07a352f1-b652-4647-8d85-a4a1c68f480d,authorizer.exposed,available,22.49,22.49,medium,low,10,namesilo,,,21/09/2026 05:13
889ddf44-c75b-451b-a574-70acc40a1bea,coffeemakers.exposed,available,22.49,22.49,medium,low,12,namesilo,,,21/09/2026 01:27
09ba0b14-0a6e-4cb9-b9fe-298460f55aaf,jugular.exposed,available,22.49,22.49,medium,low,7,namesilo,,,22/08/2026 14:16
fea2c6da-439c-4ea8-b125-c0d347dea465,quercus.exposed,available,22.49,22.49,high,low,7,namesilo,,,28/09/2026 05:49
6e9696e7-6fc8-4bb6-bd05-0fb02a4d96ac,tandy.exposed,available,22.49,22.49,medium,low,5,namesilo,,,30/09/2026 10:18
73807d40-9420-44e8-97c9-1255db0c927a,meditation.exposed,premium,20.9,20.9,high,low,10,spaceship,,,29/09/2026 07:35
c0678a12-3f3e-4bb2-ac3a-31d0efbe3787,louisville.exposed,available,17.2,17.2,high,low,10,cloudflare,,,30/09/2026 10:28
07843e29-b047-40ca-a803-57a42908d0ad,penalties.exposed,available,22.49,22.49,high,low,9,namesilo,,,
1dfe8b00-2152-49d3-8501-e6bd28b7632e,bestowed.exposed,available,22.49,22.49,medium,low,8,namesilo,,,30/09/2026 14:44
ad4c7270-4ef6-4f90-84e0-b5965f3b9934,choice.exposed,available,22.98,28.98,high,low,6,namecheap,,,22/09/2026 02:45
877e9251-3953-428b-90aa-1b8afa81d56c,unexpected.exposed,available,17.2,17.2,high,low,10,cloudflare,,,28/09/2026 09:44
73820955-3413-4c6b-b0f3-0933c3e2d75a,media.exposed,premium,260,260,high,medium,5,namecheap,,,
6324278d-4132-44b4-a80c-a1ec591fafff,twinkling.exposed,available,22.49,22.49,high,low,9,namesilo,,,22/08/2026 07:34
cce72ccb-07d2-46d7-9b7d-a57c6a3cd7cb,overseas.exposed,available,22.49,22.49,high,medium,8,namesilo,,,21/09/2026 14:34
913a746a-3f2c-43b9-a825-0ea5e68a2a96,dialect.exposed,available,17.2,17.2,high,low,7,cloudflare,,,29/09/2026 18:37
f70a26da-556a-4d91-830f-052696484f3d,blastoff.exposed,available,22.49,22.49,high,low,8,namesilo,,,24/09/2026 04:43
093ea447-b658-44d8-ad7a-23d5bc6dd7ce,veiled.exposed,available,22.49,22.49,medium,low,6,namesilo,,,13/09/2026 01:50
4b552a41-a67d-47d7-8d17-4553e050b7bb,ibsen.exposed,available,22.49,22.49,high,low,5,namesilo,,,29/09/2026 13:02
a0d77f20-f687-47d8-9168-ebd83739f3cd,goit.exposed,available,22.49,22.49,high,low,5,namesilo,,,17/09/2026 17:43
cf284480-e582-421c-a415-cc689109c073,tamil.exposed,premium,23.6,23.6,high,low,5,namesilo,,,11/09/2026 07:48
aefa5c5d-376b-4a5d-b03d-54142b3803ff,gracious.exposed,available,22.49,22.49,high,low,8,namesilo,,,24/09/2026 00:42
fd4ba7a3-5d59-4e5e-9cac-ed8fdd67aab5,inglis.exposed,available,17.8,17.8,medium,low,6,spaceship,,,29/09/2026 14:51
6fc59f33-e899-4bec-bbac-608b71341981,aurelius.exposed,available,22.49,22.49,medium,low,8,namesilo,,,19/09/2026 15:35
a0c1fb99-1310-4e4f-b46c-983a699bc20b,brim.exposed,available,22.49,22.49,high,low,4,namesilo,,,24/09/2026 10:24
2bb4aeb3-4672-49a8-a138-f3ef89427f7c,persistent.exposed,available,22.49,22.49,high,low,10,namesilo,,,14/08/2026 14:58
7b63bf5b-3bb5-409f-9dd3-c4db4b8b7a5f,amiable.exposed,available,22.98,28.98,high,low,7,namecheap,,,21/09/2026 21:32
8b280060-5edd-4328-9738-dad094b2574d,obstacle.exposed,available,22.49,22.49,medium,low,8,namesilo,,,28/09/2026 10:38
e14c416e-00b4-4d9b-90ef-4529c35c8040,overladen.exposed,available,22.98,28.98,medium,low,9,namecheap,,,04/09/2026 20:51
33b2e94f-45c5-406c-aa4d-408a7dd8cf96,chromatic.exposed,available,22.49,22.49,high,low,9,namesilo,,,12/08/2026 07:22
963a426b-b67d-44c3-81b9-039157fff62d,pucka.exposed,available,22.49,22.49,high,low,5,namesilo,,,09/09/2026 05:26
ed26737c-4295-4338-aba9-6ae27b3af62d,gutter.exposed,available,22.49,22.49,high,low,6,namesilo,,,29/09/2026 12:59
1f8e335b-2c33-449b-82f1-4d6a50cac4c3,endeavor.exposed,available,22.49,22.49,high,low,8,namesilo,,,21/09/2026 01:15
d105173a-b999-44c1-9a9c-3f2481286c04,admittedly.exposed,available,22.98,28.98,medium,low,10,namecheap,,,11/09/2026 20:31
c5d1c450-2b72-4555-8259-c3ecb0e96f5c,dahl.exposed,available,18.02,18.02,medium,low,4,porkbun,,,28/09/2026 09:14
70049c14-68ba-48c6-b7a7-6917a2d87682,tanganyika.exposed,available,22.49,22.49,medium,low,10,namesilo,,,29/09/2026 07:27
31a633a5-5a9a-45ba-ba82-7f0ca9fc9c22,tricky.exposed,available,22.98,28.98,high,low,6,namecheap,,,11/08/2026 21:23
71252442-a400-4232-8243-0be5ea2afd23,aimed.exposed,available,18.02,18.02,high,low,5,porkbun,,,29/09/2026 10:43
3b82f89a-a328-499d-8877-c5c87ddaccc9,coworker.exposed,available,22.49,22.49,high,low,9,namesilo,,,24/09/2026 16:09
7e485017-72cb-432c-b77e-1d5784590069,dakar.exposed,premium,102.67,102.67,high,low,5,spaceship,,,29/09/2026 06:52
f0f6ff30-2b65-441d-9763-8210116ddc93,laughs.exposed,available,22.49,22.49,medium,low,6,namesilo,,,27/09/2026 03:15
4e180ecd-d231-4c5c-8fbe-89d75c21a0f1,bonfire.exposed,available,22.49,22.49,high,low,7,namesilo,,,21/09/2026 21:51
be5b09fa-1c60-4847-b877-bf5def541603,nervously.exposed,available,22.49,22.49,medium,low,9,namesilo,,,15/09/2026 16:28
16420719-685d-4585-9ecb-d6865c57c227,actress.exposed,available,18.41,18.41,high,low,7,dynadot,,,28/09/2026 18:10
3404f72b-9d16-4561-8341-91520eeddf6b,toby.exposed,available,17.8,17.8,high,low,4,spaceship,,,28/09/2026 03:08
65a89c06-0b0d-4a30-806d-b1132e517009,dulcet.exposed,available,22.98,28.98,medium,low,6,namecheap,,,14/08/2026 20:59
c3f58eab-7136-4871-b812-500e8d4c70eb,aztecan.exposed,available,22.98,28.98,high,low,7,namecheap,,,21/09/2026 11:37
58136293-a519-4dd3-8227-cc8aafaadfa1,derrida.exposed,available,22.49,22.49,medium,low,7,namesilo,,,29/09/2026 18:37
44335065-8298-4cfc-8b16-c08d68fb4a53,autograph.exposed,available,22.49,22.49,high,low,9,namesilo,,,21/09/2026 06:37
a4d9d198-32a8-4b0f-82f2-72c99279806d,dispute.exposed,available,17.2,17.2,high,low,7,cloudflare,,,28/09/2026 13:42
f623d018-5d2f-4190-8491-120d0aaf7273,tasselled.exposed,available,22.49,22.49,medium,low,9,namesilo,,,11/09/2026 08:58
d32641f9-8ae7-4b98-9519-3b2173daa5d6,fossilized.exposed,available,22.49,22.49,medium,low,10,namesilo,,,18/08/2026 13:12
1c7da5c3-316d-4c75-beb7-4d2f902e9722,blackwater.exposed,available,22.49,22.49,medium,low,10,namesilo,,,24/09/2026 03:24
0476ce2e-225f-49ae-8607-34ee3df7634d,stayed.exposed,available,22.98,28.98,medium,low,6,namecheap,,,27/09/2026 02:56
0eb09ec1-f9b7-41e9-9c4b-f327d65fa782,wins.exposed,available,22.49,22.49,high,low,4,namesilo,,,18/09/2026 14:21
dd9750a4-3a6f-4a83-aff7-76e0a39b8148,homophobic.exposed,available,22.49,22.49,medium,low,10,namesilo,,,21/08/2026 13:04
45bd0bc7-0a94-4645-9a45-a77bf5dd9767,senior.exposed,available,22.49,22.49,high,low,6,namesilo,,,21/09/2026 22:36
6843a2e8-41d5-40f1-a558-40c6828f0f0f,watchman.exposed,available,17.8,17.8,high,low,8,spaceship,,,30/09/2026 18:36
a1cf169e-a80f-48c4-8318-cc6dc44d61df,bog.exposed,premium,23.6,23.6,high,low,3,namesilo,,,30/09/2026 08:26
77acb2f4-f4d2-4220-bdbc-553d449b275c,ionized.exposed,available,22.49,22.49,high,low,7,namesilo,,,22/08/2026 09:31
ecf5ca73-0c16-4004-a569-94f9080850ac,outside.exposed,available,22.49,22.49,high,low,7,namesilo,,,21/09/2026 23:49
8c4f7386-7230-4de0-805e-d3014f04602a,dodd.exposed,available,22.49,22.49,high,low,4,namesilo,,,30/09/2026 12:38
fd4ce9fd-7606-4812-b7ce-dc6102f5acdb,reluctant.exposed,available,22.49,22.49,medium,low,9,namesilo,,,24/08/2026 08:21
e80f1aba-e740-4feb-a64f-1a30d68ec2c5,vip.exposed,premium,242,242,high,medium,3,namesilo,,,24/09/2026 22:17
989b5b55-b710-4063-8cb7-3722a2426bcd,amanita.exposed,available,22.49,22.49,medium,low,7,namesilo,,,18/09/2026 15:43
481f0c27-ad88-4133-a08e-fc8efede6d29,precisely.exposed,available,22.49,22.49,high,low,9,namesilo,,,04/09/2026 14:15
15d24d83-139f-4172-9250-ed52d19768eb,hangbird.exposed,available,22.49,22.49,medium,low,8,namesilo,,,22/09/2026 00:20
9a773487-109b-4166-a207-91c5871aeb0d,sprawl.exposed,available,22.49,22.49,medium,low,6,namesilo,,,10/09/2026 16:41
1caf05ca-d0e0-4a01-ae15-9e8005bd635d,focuses.exposed,available,22.49,22.49,medium,low,7,namesilo,,,20/09/2026 21:43
8fb2d3fe-c34f-4668-830d-3b8f3d02f7a8,adductive.exposed,available,22.49,22.49,medium,low,9,namesilo,,,
24a0163f-d3bc-4896-a906-91cd4e005ac5,commerce.exposed,available,37.99,37.99,high,low,8,godaddy,,,01/10/2026 01:08
983d12ae-ea8b-4565-82be-a9df6438f045,kechua.exposed,available,22.49,22.49,medium,low,6,namesilo,,,22/08/2026 15:23
d6c71be1-1547-467e-bb9a-014130c6b173,flurry.exposed,available,22.98,28.98,medium,low,6,namecheap,,,17/09/2026 09:17
0e984689-2f7b-47a0-8199-a4d8b5440246,recollection.exposed,available,22.49,22.49,high,low,12,namesilo,,,30/09/2026 14:16
2eda8fc2-0a2a-4a14-b730-ead7159add91,stranger.exposed,available,17.8,17.8,high,low,8,spaceship,,,30/09/2026 12:11
2692be78-843f-4abb-9662-900c61ad1e98,coppery.exposed,available,22.49,22.49,medium,low,7,namesilo,,,13/08/2026 00:34
fba44b6f-b063-4dc9-a7be-2d05b10adde2,occupying.exposed,available,17.2,17.2,low,low,9,cloudflare,,,30/09/2026 23:24
8c114db0-eec0-4cf0-90ea-4a2787598f95,galbraith.exposed,available,22.49,22.49,medium,low,9,namesilo,,,29/09/2026 07:01
b587c389-8f86-4e89-92ce-f2a2c094d869,smelly.exposed,available,22.49,22.49,high,low,6,namesilo,,,18/08/2026 02:31
0bf97450-d6e5-43bc-b009-ffeadfe15e8f,emporium.exposed,available,22.49,22.49,high,low,8,namesilo,,,29/09/2026 02:36
2265b63e-b4bf-443c-9cf3-dd939463d1b6,apparatus.exposed,available,22.98,28.98,high,low,9,namecheap,,,19/09/2026 19:49
850feba3-50ba-49a1-b1ed-86972a7c9c7e,subgroup.exposed,available,17.8,17.8,medium,low,8,spaceship,,,28/09/2026 15:24
3fb9b3cd-aef7-40e8-b65b-330945007473,connective.exposed,available,22.49,22.49,high,low,10,namesilo,,,12/08/2026 22:16
ef8f3adc-9683-46bd-9532-0b6c54840f5b,gladsome.exposed,available,22.49,22.49,high,low,8,namesilo,,,19/08/2026 00:13
d0a997e4-4d58-47e1-ac80-d13a579898d7,cocoa.exposed,available,17.8,17.8,high,low,5,spaceship,,,29/09/2026 08:48
20b3e874-4571-4a71-b061-a5761b0ed766,unending.exposed,available,22.49,22.49,high,low,8,namesilo,,,
face2f8c-bab6-40d6-85a0-c5c937f24ae0,albers.exposed,available,22.49,22.49,high,low,6,namesilo,,,18/09/2026 02:34
59a1b15b-15e2-45e1-a3c7-e9d7e44ef21d,offhand.exposed,available,22.98,28.98,medium,low,7,namecheap,,,
83878c89-84f1-4673-9c7b-e93841607477,observant.exposed,available,22.98,28.98,high,low,9,namecheap,,,22/08/2026 21:19
d113f5f6-c9f3-48be-a064-fb2a4a102334,autonomous.exposed,available,22.49,22.49,high,medium,10,namesilo,,,22/09/2026 14:12
d7d15b02-5611-436d-a355-16907a30b703,popularity.exposed,available,22.49,22.49,high,low,10,namesilo,,,28/09/2026 10:44
33f16eb8-4ef1-477b-b2c0-89208c43bc17,estimator.exposed,available,17.2,17.2,high,low,9,cloudflare,,,29/09/2026 18:08
ecd7cba4-b6d6-49b3-8ed8-167018b759e8,feb.exposed,premium,20.9,20.9,high,low,3,spaceship,,,29/09/2026 19:04
351ff6f8-1e29-4baf-9931-1cc3d9d8e59c,overbold.exposed,available,22.98,28.98,medium,low,8,namecheap,,,04/09/2026 20:21
652896ec-aa57-4843-9ca5-95358b80923f,assort.exposed,available,22.49,22.49,medium,low,6,namesilo,,,17/09/2026 14:23
010da945-3754-47e3-9fff-5b7376bc118b,critics.exposed,available,22.98,28.98,medium,low,7,namecheap,,,28/09/2026 18:02
ba0da746-4a9b-4e6d-911c-80b5e5d16df7,reflexion.exposed,available,22.49,22.49,high,low,9,namesilo,,,03/09/2026 11:28
33191029-4f13-4746-9fca-345c54206a06,byers.exposed,available,18.02,18.02,medium,low,5,porkbun,,,29/09/2026 09:57
44afbfd1-dc55-4717-b40d-4be608375797,bacchus.exposed,available,22.49,22.49,high,low,7,namesilo,,,21/09/2026 14:02
3b89f2c0-ae1d-4e25-b826-0d621b82fe2b,arbitrator.exposed,available,22.49,22.49,high,low,10,namesilo,,,20/09/2026 00:44
f85bf90a-8a55-4569-b397-78e34cfbcd15,feverish.exposed,available,22.49,22.49,medium,low,8,namesilo,,,18/08/2026 00:29
ac64d909-625d-4b0b-b752-10ca058746ca,erin.exposed,available,17.2,17.2,high,low,4,cloudflare,,,28/09/2026 05:36
8b446509-270e-460b-b10d-5545dab9abd3,cole.exposed,available,22.49,22.49,high,low,4,namesilo,,,25/09/2026 01:59
da7b7554-1717-4693-a9c3-b900b7e56fc2,livid.exposed,available,22.49,22.49,medium,low,5,namesilo,,,07/08/2026 02:24
5a7bec72-55b9-444c-b1d0-d0b52f795abe,persuasion.exposed,available,17.2,17.2,high,low,10,cloudflare,,,30/09/2026 02:24
152f8d22-73f3-4062-9cb8-66df1cf80ea9,ipo.exposed,premium,38.94,38.94,high,low,3,namesilo,,,29/09/2026 01:21
0e1b6314-ea03-4147-acf7-38e573fc9aa6,kar.exposed,available,22.49,22.49,high,low,3,namesilo,,,30/09/2026 03:53
c4921e31-cccc-47a8-bb31-8f750ffdb565,ribbons.exposed,available,22.49,22.49,medium,low,7,namesilo,,,20/09/2026 07:05